{"type":"FeatureCollection","features":[{"type":"Feature","properties":{"k":"1407","n":"kozienicki","s":["0614","0616","1401","1403","1406","1425","1436"]},"geometry":{"type":"Polygon","coordinates":[[[21.788,51.42],[21.851,51.431],[21.874,51.472],[21.833,51.548],[21.656,51.582],[21.616,51.618],[21.543,51.664],[21.473,51.665],[21.445,51.721],[21.41,51.745],[21.435,51.784],[21.382,51.822],[21.286,51.862],[21.286,51.817],[21.166,51.77],[21.125,51.728],[21.176,51.732],[21.173,51.674],[21.232,51.636],[21.206,51.589],[21.439,51.514],[21.518,51.558],[21.567,51.524],[21.55,51.445],[21.607,51.473],[21.693,51.472],[21.788,51.42]]]}},{"type":"Feature","properties":{"k":"1206","n":"krakowski","s":["1201","1203","1208","1209","1212","1214","1218","1219","1261"]},"geometry":{"type":"MultiPolygon","coordinates":[[[[19.882,49.975],[19.792,50.012],[19.811,50.08],[19.893,50.126],[20.028,50.104],[20.096,50.119],[20.143,50.107],[20.201,50.12],[20.176,50.15],[20.163,50.228],[20.138,50.271],[20.177,50.29],[20.121,50.306],[19.996,50.283],[19.901,50.276],[19.834,50.264],[19.674,50.296],[19.678,50.241],[19.648,50.2],[19.589,50.198],[19.547,50.184],[19.539,50.112],[19.605,50.062],[19.56,50.012],[19.637,49.981],[19.662,49.953],[19.719,49.958],[19.732,49.918],[19.81,49.885],[19.871,49.927],[19.902,49.902],[19.904,49.901],[20.001,49.931],[19.963,49.969],[19.882,49.975]]],[[[20.354,50.117],[20.329,50.144],[20.209,50.116],[20.193,50.071],[20.217,50.053],[20.348,50.1],[20.354,50.117]]]]}},{"type":"Feature","properties":{"k":"1261","n":"Kraków","s":["1206","1214","1219"]},"geometry":{"type":"Polygon","coordinates":[[[19.963,49.969],[20.066,50.008],[20.08,50.036],[20.217,50.053],[20.193,50.071],[20.209,50.116],[20.201,50.12],[20.143,50.107],[20.096,50.119],[20.028,50.104],[19.893,50.126],[19.811,50.08],[19.792,50.012],[19.882,49.975],[19.963,49.969]]]}},{"type":"Feature","properties":{"k":"1605","n":"krapkowicki","s":["1603","1609","1610","1611"]},"geometry":{"type":"Polygon","coordinates":[[[18.118,50.554],[17.897,50.546],[17.873,50.502],[17.814,50.53],[17.758,50.486],[17.762,50.439],[17.946,50.359],[18.032,50.346],[18.035,50.386],[18.09,50.411],[18.154,50.387],[18.147,50.456],[18.091,50.512],[18.118,50.554]]]}},{"type":"Feature","properties":{"k":"0606","n":"krasnostawski","s":["0602","0603","0609","0617","0620"]},"geometry":{"type":"Polygon","coordinates":[[[22.888,50.808],[22.989,50.823],[23.034,50.869],[23.138,50.842],[23.152,50.876],[23.248,50.855],[23.298,50.909],[23.375,50.891],[23.48,50.898],[23.386,50.979],[23.455,51.015],[23.429,51.038],[23.342,51.045],[23.192,51.078],[23.17,51.099],[23.065,51.097],[23.006,51.093],[22.924,51.119],[22.877,51.059],[22.918,50.977],[22.814,50.973],[22.773,50.914],[22.771,50.884],[22.809,50.835],[22.888,50.808]]]}},{"type":"Feature","properties":{"k":"0607","n":"kraśnicki","s":["0605","0609","0612","1818","2606","2609"]},"geometry":{"type":"Polygon","coordinates":[[[22.163,50.797],[22.225,50.837],[22.331,50.798],[22.404,50.818],[22.418,50.889],[22.475,50.913],[22.453,50.984],[22.387,50.999],[22.355,51.05],[22.272,51.032],[22.168,51.044],[22.02,51.04],[21.996,50.992],[21.93,50.959],[21.875,50.979],[21.817,50.974],[21.813,50.935],[21.836,50.878],[21.864,50.803],[21.895,50.78],[21.994,50.783],[22.052,50.821],[22.163,50.797]]]}},{"type":"Feature","properties":{"k":"1861","n":"Krosno","s":["1807"]},"geometry":{"type":"Polygon","coordinates":[[[21.713,49.731],[21.702,49.684],[21.776,49.651],[21.804,49.701],[21.713,49.731]]]}},{"type":"Feature","properties":{"k":"1807","n":"krośnieński","s":["1802","1805","1817","1819","1861"]},"geometry":{"type":"Polygon","coordinates":[[[21.58,49.435],[21.631,49.447],[21.763,49.384],[21.84,49.392],[21.859,49.369],[21.952,49.35],[21.926,49.435],[21.973,49.455],[21.927,49.526],[21.915,49.582],[21.964,49.618],[21.852,49.644],[21.906,49.74],[21.895,49.781],[21.742,49.794],[21.661,49.844],[21.618,49.798],[21.62,49.709],[21.577,49.684],[21.621,49.633],[21.593,49.545],[21.614,49.497],[21.57,49.457],[21.58,49.435]],[[21.713,49.731],[21.804,49.701],[21.776,49.651],[21.702,49.684],[21.713,49.731]]]}},{"type":"Feature","properties":{"k":"0802","n":"krośnieński","s":["0805","0807","0808","0809","0811"]},"geometry":{"type":"Polygon","coordinates":[[[15.107,51.863],[15.211,51.901],[15.293,51.962],[15.257,52.085],[15.306,52.131],[15.288,52.214],[15.221,52.195],[15.198,52.219],[15.101,52.205],[15.091,52.226],[14.913,52.21],[14.88,52.155],[14.809,52.134],[14.805,52.095],[14.755,52.07],[14.707,51.98],[14.721,51.953],[14.694,51.901],[14.591,51.839],[14.65,51.787],[14.731,51.816],[14.762,51.858],[14.858,51.85],[14.95,51.889],[15.015,51.888],[15.107,51.863]]]}},{"type":"Feature","properties":{"k":"3012","n":"krotoszyński","s":["0213","3004","3006","3017","3020","3022"]},"geometry":{"type":"Polygon","coordinates":[[[17.604,51.82],[17.53,51.839],[17.514,51.901],[17.442,51.896],[17.397,51.873],[17.337,51.886],[17.317,51.813],[17.323,51.761],[17.181,51.791],[17.128,51.702],[17.233,51.671],[17.257,51.643],[17.324,51.648],[17.499,51.616],[17.556,51.584],[17.563,51.672],[17.604,51.675],[17.707,51.745],[17.647,51.796],[17.604,51.82]]]}},{"type":"Feature","properties":{"k":"1002","n":"kutnowski","s":["0418","1004","1005","1404","3009"]},"geometry":{"type":"Polygon","coordinates":[[[19.531,52.125],[19.609,52.116],[19.698,52.144],[19.714,52.204],[19.764,52.229],[19.736,52.259],[19.624,52.264],[19.463,52.343],[19.359,52.342],[19.289,52.393],[19.16,52.341],[19.101,52.348],[19.047,52.333],[19.05,52.273],[19.095,52.271],[19.078,52.2],[19.179,52.205],[19.267,52.163],[19.318,52.174],[19.368,52.109],[19.489,52.13],[19.531,52.125]]]}},{"type":"Feature","properties":{"k":"2207","n":"kwidzyński","s":["0406","0414","2214","2216","2807"]},"geometry":{"type":"Polygon","coordinates":[[[19.323,53.814],[19.172,53.842],[19.126,53.815],[19.055,53.86],[18.961,53.896],[18.879,53.91],[18.883,53.882],[18.841,53.835],[18.845,53.727],[18.789,53.702],[18.739,53.645],[18.762,53.605],[18.944,53.588],[19.097,53.597],[19.129,53.588],[19.13,53.608],[19.215,53.649],[19.213,53.691],[19.301,53.752],[19.323,53.814]]]}},{"type":"Feature","properties":{"k":"1408","n":"legionowski","s":["1414","1424","1432","1434","1435","1465"]},"geometry":{"type":"Polygon","coordinates":[[[20.915,52.354],[20.944,52.366],[21.085,52.337],[21.117,52.368],[21.096,52.402],[21.109,52.456],[21.065,52.478],[21.08,52.508],[21.143,52.519],[21.122,52.554],[21.006,52.535],[20.931,52.559],[20.891,52.484],[20.819,52.485],[20.763,52.469],[20.762,52.405],[20.821,52.379],[20.897,52.375],[20.915,52.354]]]}},{"type":"Feature","properties":{"k":"0262","n":"Legnica","s":["0209"]},"geometry":{"type":"Polygon","coordinates":[[[16.128,51.2],[16.106,51.167],[16.184,51.161],[16.232,51.218],[16.166,51.248],[16.128,51.2]]]}},{"type":"Feature","properties":{"k":"0209","n":"legnicki","s":["0201","0205","0211","0216","0218","0222","0226","0262"]},"geometry":{"type":"Polygon","coordinates":[[[16.048,51.115],[16.096,51.101],[16.153,51.137],[16.236,51.099],[16.304,51.115],[16.349,51.15],[16.442,51.126],[16.446,51.179],[16.472,51.231],[16.456,51.273],[16.416,51.294],[16.341,51.332],[16.308,51.291],[16.26,51.284],[16.017,51.307],[16.014,51.328],[15.84,51.384],[15.772,51.319],[15.784,51.29],[15.744,51.253],[15.753,51.219],[15.808,51.262],[15.905,51.246],[15.953,51.205],[16.038,51.227],[16.062,51.197],[16.025,51.149],[16.048,51.115]],[[16.128,51.2],[16.166,51.248],[16.232,51.218],[16.184,51.161],[16.106,51.167],[16.128,51.2]]]}},{"type":"Feature","properties":{"k":"1821","n":"leski","s":["1801","1817"]},"geometry":{"type":"Polygon","coordinates":[[[22.222,49.184],[22.246,49.153],[22.321,49.136],[22.37,49.146],[22.41,49.105],[22.487,49.088],[22.546,49.092],[22.553,49.157],[22.481,49.186],[22.449,49.248],[22.516,49.339],[22.474,49.377],[22.483,49.435],[22.534,49.463],[22.476,49.49],[22.495,49.522],[22.423,49.554],[22.35,49.55],[22.283,49.485],[22.275,49.429],[22.188,49.299],[22.195,49.267],[22.25,49.238],[22.222,49.184]]]}},{"type":"Feature","properties":{"k":"3013","n":"leszczyński","s":["0204","0812","3004","3011","3022","3029","3063"]},"geometry":{"type":"Polygon","coordinates":[[[16.86,51.927],[16.701,51.967],[16.494,51.944],[16.426,51.974],[16.331,51.987],[16.274,51.932],[16.201,51.942],[16.126,51.934],[16.109,51.904],[16.215,51.87],[16.252,51.901],[16.32,51.887],[16.401,51.838],[16.416,51.785],[16.545,51.78],[16.682,51.705],[16.729,51.733],[16.769,51.784],[16.849,51.799],[16.851,51.842],[16.901,51.88],[16.86,51.927]],[[16.543,51.825],[16.537,51.862],[16.622,51.856],[16.602,51.817],[16.543,51.825]]]}},{"type":"Feature","properties":{"k":"3063","n":"Leszno","s":["3013"]},"geometry":{"type":"Polygon","coordinates":[[[16.543,51.825],[16.602,51.817],[16.622,51.856],[16.537,51.862],[16.543,51.825]]]}},{"type":"Feature","properties":{"k":"1808","n":"leżajski","s":["0602","1810","1812","1814","1816"]},"geometry":{"type":"Polygon","coordinates":[[[22.448,50.123],[22.524,50.131],[22.535,50.194],[22.598,50.229],[22.638,50.303],[22.608,50.311],[22.642,50.358],[22.515,50.346],[22.405,50.394],[22.373,50.365],[22.278,50.384],[22.193,50.337],[22.199,50.286],[22.234,50.247],[22.284,50.205],[22.355,50.177],[22.409,50.126],[22.448,50.123]]]}},{"type":"Feature","properties":{"k":"2208","n":"lęborski","s":["2201","2205","2212","2215"]},"geometry":{"type":"Polygon","coordinates":[[[17.881,54.41],[17.846,54.463],[17.887,54.481],[17.837,54.525],[17.827,54.562],[17.784,54.591],[17.827,54.656],[17.749,54.725],[17.723,54.774],[17.667,54.783],[17.491,54.761],[17.417,54.713],[17.508,54.699],[17.51,54.662],[17.617,54.637],[17.548,54.551],[17.602,54.535],[17.543,54.502],[17.618,54.468],[17.6,54.443],[17.664,54.382],[17.75,54.354],[17.802,54.386],[17.881,54.41]]]}},{"type":"Feature","properties":{"k":"1862","n":"Przemyśl","s":["1813"]},"geometry":{"type":"Polygon","coordinates":[[[22.764,49.808],[22.722,49.782],[22.775,49.746],[22.849,49.784],[22.764,49.808]]]}},{"type":"Feature","properties":{"k":"1814","n":"przeworski","s":["0602","1804","1808","1809","1810","1813","1816"]},"geometry":{"type":"Polygon","coordinates":[[[22.418,49.888],[22.47,49.945],[22.565,49.963],[22.56,50.027],[22.6,50.042],[22.584,50.132],[22.67,50.129],[22.764,50.143],[22.726,50.193],[22.798,50.21],[22.841,50.298],[22.638,50.303],[22.598,50.229],[22.535,50.194],[22.524,50.131],[22.448,50.123],[22.374,50.054],[22.351,50.008],[22.317,49.998],[22.296,49.934],[22.234,49.932],[22.265,49.875],[22.299,49.873],[22.418,49.888]]]}},{"type":"Feature","properties":{"k":"1423","n":"przysuski","s":["1007","1016","1401","1406","1425","1430","2605"]},"geometry":{"type":"Polygon","coordinates":[[[20.855,51.343],[20.838,51.364],[20.887,51.403],[20.851,51.422],[20.764,51.419],[20.799,51.512],[20.722,51.54],[20.705,51.577],[20.644,51.584],[20.495,51.561],[20.52,51.612],[20.425,51.611],[20.422,51.601],[20.468,51.561],[20.453,51.504],[20.52,51.51],[20.526,51.468],[20.48,51.41],[20.447,51.41],[20.433,51.339],[20.493,51.307],[20.546,51.23],[20.611,51.243],[20.709,51.269],[20.758,51.267],[20.779,51.319],[20.855,51.343]]]}},{"type":"Feature","properties":{"k":"2410","n":"pszczyński","s":["1213","2402","2403","2408","2414","2467","2477","2479"]},"geometry":{"type":"Polygon","coordinates":[[[18.63,49.9],[18.667,49.886],[18.778,49.913],[18.891,49.912],[18.977,49.925],[19.005,49.944],[19.093,49.957],[19.145,50.039],[19.053,50.027],[19.036,50.077],[18.933,50.082],[18.858,50.097],[18.848,50.07],[18.754,50.054],[18.774,50.001],[18.68,50.005],[18.652,49.959],[18.682,49.938],[18.63,49.9]]]}},{"type":"Feature","properties":{"k":"2211","n":"pucki","s":["2215","2262"]},"geometry":{"type":"Polygon","coordinates":[[[18.431,54.567],[18.514,54.563],[18.628,54.624],[18.812,54.567],[18.867,54.604],[18.733,54.682],[18.37,54.814],[18.329,54.835],[17.968,54.832],[17.915,54.827],[17.918,54.796],[18,54.753],[18.064,54.775],[18.117,54.699],[18.155,54.695],[18.243,54.648],[18.345,54.634],[18.423,54.592],[18.431,54.567]]]}},{"type":"Feature","properties":{"k":"0614","n":"puławski","s":["0608","0609","0612","0616","1407","1436"]},"geometry":{"type":"Polygon","coordinates":[[[22.168,51.257],[22.241,51.262],[22.277,51.292],[22.293,51.349],[22.266,51.367],[22.301,51.428],[22.21,51.458],[22.191,51.498],[22.267,51.515],[22.249,51.551],[22.188,51.584],[22.121,51.57],[22.01,51.575],[21.889,51.536],[21.833,51.548],[21.874,51.472],[21.851,51.431],[21.788,51.42],[21.802,51.378],[21.848,51.365],[21.812,51.292],[21.86,51.275],[21.891,51.309],[21.951,51.293],[22.012,51.298],[22.168,51.257]]]}},{"type":"Feature","properties":{"k":"1424","n":"pułtuski","s":["1402","1408","1411","1414","1420","1435"]},"geometry":{"type":"Polygon","coordinates":[[[20.931,52.559],[21.006,52.535],[21.122,52.554],[21.233,52.569],[21.283,52.634],[21.288,52.677],[21.347,52.73],[21.321,52.777],[21.215,52.763],[21.13,52.804],[21.002,52.769],[20.941,52.81],[20.906,52.758],[20.803,52.757],[20.782,52.713],[20.728,52.705],[20.696,52.676],[20.715,52.617],[20.758,52.643],[20.829,52.633],[20.907,52.589],[20.931,52.559]]]}},{"type":"Feature","properties":{"k":"3212","n":"pyrzycki","s":["3206","3210","3214"]},"geometry":{"type":"Polygon","coordinates":[[[15.199,53.085],[15.212,53.138],[15.062,53.188],[15.069,53.233],[15.004,53.264],[14.862,53.247],[14.814,53.238],[14.716,53.274],[14.69,53.155],[14.747,53.115],[14.733,53.037],[14.787,53.023],[14.849,53.063],[14.933,52.984],[15.05,53.003],[15.037,53.054],[15.14,53.028],[15.199,53.085]]]}},{"type":"Feature","properties":{"k":"2411","n":"raciborski","s":["1602","1603","2405","2412","2415","2473"]},"geometry":{"type":"Polygon","coordinates":[[[18.035,50.066],[18.103,50.023],[18.117,49.994],[18.207,49.998],[18.221,49.969],[18.333,49.949],[18.239,50.046],[18.349,50.058],[18.379,50.075],[18.314,50.097],[18.291,50.13],[18.45,50.156],[18.495,50.18],[18.457,50.24],[18.426,50.249],[18.377,50.254],[18.237,50.214],[18.249,50.193],[18.06,50.175],[18.072,50.109],[18.035,50.066]]]}},{"type":"Feature","properties":{"k":"1463","n":"Radom","s":["1425"]},"geometry":{"type":"Polygon","coordinates":[[[21.256,51.432],[21.177,51.48],[21.119,51.451],[21.106,51.408],[21.053,51.37],[21.094,51.35],[21.195,51.349],[21.202,51.403],[21.256,51.432]]]}},{"type":"Feature","properties":{"k":"1425","n":"radomski","s":["1401","1407","1409","1423","1430","1436","1463","2611"]},"geometry":{"type":"Polygon","coordinates":[[[21.068,51.207],[21.111,51.201],[21.091,51.155],[21.154,51.126],[21.153,51.08],[21.311,51.084],[21.344,51.176],[21.425,51.184],[21.416,51.221],[21.335,51.229],[21.367,51.297],[21.355,51.328],[21.432,51.354],[21.471,51.402],[21.564,51.425],[21.55,51.445],[21.567,51.524],[21.518,51.558],[21.439,51.514],[21.206,51.589],[21.118,51.586],[21.025,51.535],[21.001,51.502],[20.891,51.515],[20.799,51.512],[20.764,51.419],[20.851,51.422],[20.887,51.403],[20.838,51.364],[20.855,51.343],[20.955,51.362],[21.031,51.33],[21.039,51.292],[21.017,51.235],[21.068,51.207]],[[21.256,51.432],[21.202,51.403],[21.195,51.349],[21.094,51.35],[21.053,51.37],[21.106,51.408],[21.119,51.451],[21.177,51.48],[21.256,51.432]]]}},{"type":"Feature","properties":{"k":"1012","n":"radomszczański","s":["1001","1007","1009","1010","2404","2605","2613"]},"geometry":{"type":"Polygon","coordinates":[[[19.747,50.866],[19.849,50.936],[19.83,50.968],[19.864,51.03],[19.937,51.025],[19.956,50.992],[20.018,50.962],[20.04,50.99],[20.045,51.069],[19.982,51.073],[19.994,51.184],[19.993,51.184],[19.965,51.202],[19.903,51.16],[19.905,51.109],[19.827,51.139],[19.756,51.141],[19.698,51.163],[19.585,51.162],[19.538,51.223],[19.526,51.269],[19.46,51.286],[19.417,51.259],[19.392,51.195],[19.313,51.184],[19.239,51.175],[19.279,51.131],[19.205,51.054],[19.243,51.037],[19.292,51.046],[19.375,50.994],[19.402,50.994],[19.509,50.881],[19.57,50.908],[19.661,50.855],[19.728,50.843],[19.747,50.866]]]}},{"type":"Feature","properties":{"k":"0411","n":"radziejowski","s":["0401","0407","0418","3009","3010"]},"geometry":{"type":"Polygon","coordinates":[[[18.829,52.648],[18.722,52.709],[18.651,52.726],[18.507,52.711],[18.47,52.689],[18.457,52.646],[18.476,52.579],[18.377,52.538],[18.384,52.477],[18.464,52.477],[18.527,52.499],[18.572,52.465],[18.65,52.45],[18.658,52.424],[18.685,52.428],[18.73,52.457],[18.758,52.542],[18.747,52.59],[18.829,52.648]]]}},{"type":"Feature","properties":{"k":"0615","n":"radzyński","s":["0601","0608","0611","0613"]},"geometry":{"type":"Polygon","coordinates":[[[22.677,51.593],[22.724,51.677],[22.774,51.677],[22.822,51.733],[22.912,51.745],[22.944,51.791],[23.023,51.78],[23.063,51.868],[23.036,51.894],[22.968,51.893],[22.882,51.863],[22.791,51.857],[22.771,51.938],[22.654,51.939],[22.634,51.969],[22.576,51.968],[22.554,51.937],[22.572,51.896],[22.456,51.842],[22.423,51.865],[22.38,51.804],[22.437,51.746],[22.398,51.714],[22.484,51.695],[22.565,51.66],[22.61,51.622],[22.677,51.593]]]}},{"type":"Feature","properties":{"k":"3022","n":"rawicki","s":["0204","0213","0220","3004","3012","3013"]},"geometry":{"type":"Polygon","coordinates":[[[16.828,51.572],[16.887,51.581],[16.928,51.552],[16.991,51.55],[17.215,51.574],[17.216,51.63],[17.257,51.643],[17.233,51.671],[17.128,51.702],[17.079,51.72],[16.999,51.696],[16.96,51.712],[16.887,51.695],[16.861,51.732],[16.803,51.746],[16.729,51.733],[16.682,51.705],[16.639,51.666],[16.681,51.647],[16.769,51.645],[16.772,51.614],[16.828,51.572]]]}},{"type":"Feature","properties":{"k":"1013","n":"rawski","s":["1015","1016","1406","1438"]},"geometry":{"type":"Polygon","coordinates":[[[20.385,51.642],[20.4,51.673],[20.467,51.693],[20.535,51.669],[20.62,51.658],[20.653,51.677],[20.658,51.724],[20.583,51.748],[20.579,51.794],[20.605,51.85],[20.569,51.888],[20.519,51.892],[20.44,51.85],[20.415,51.87],[20.332,51.848],[20.215,51.851],[20.137,51.836],[20.185,51.803],[20.169,51.764],[20.116,51.74],[20.178,51.71],[20.265,51.71],[20.295,51.655],[20.385,51.642]]]}},{"type":"Feature","properties":{"k":"1815","n":"ropczycko-sędziszowski","s":["1803","1806","1811","1816","1819"]},"geometry":{"type":"Polygon","coordinates":[[[21.748,49.969],[21.776,49.981],[21.804,50.039],[21.787,50.098],[21.803,50.151],[21.695,50.179],[21.636,50.182],[21.603,50.209],[21.609,50.178],[21.511,50.162],[21.568,50.13],[21.541,50.089],[21.502,50.077],[21.525,50.029],[21.464,49.992],[21.524,49.893],[21.599,49.922],[21.673,49.925],[21.696,49.964],[21.748,49.969]]]}},{"type":"Feature","properties":{"k":"2472","n":"Ruda Śląska","s":["2405","2408","2462","2463","2469","2476","2478"]},"geometry":{"type":"Polygon","coordinates":[[[18.897,50.219],[18.943,50.232],[18.944,50.232],[18.945,50.232],[18.944,50.232],[18.945,50.232],[18.956,50.239],[18.93,50.271],[18.884,50.295],[18.896,50.325],[18.862,50.328],[18.831,50.32],[18.792,50.247],[18.797,50.246],[18.897,50.219]]]}},{"type":"Feature","properties":{"k":"2412","n":"rybnicki","s":["2405","2408","2411","2415","2467","2473","2479"]},"geometry":{"type":"MultiPolygon","coordinates":[[[[18.442,50.086],[18.45,50.156],[18.291,50.13],[18.314,50.097],[18.379,50.075],[18.442,50.086],[18.443,50.086],[18.442,50.086]]],[[[18.59,49.999],[18.611,50.018],[18.612,50.043],[18.609,50.042],[18.601,50.041],[18.523,50.038],[18.55,50.034],[18.555,50.014],[18.569,50.008],[18.574,50.006],[18.57,50.004],[18.572,49.999],[18.578,49.999],[18.59,49.999]]],[[[18.558,50.181],[18.605,50.149],[18.657,50.081],[18.726,50.066],[18.74,50.111],[18.72,50.2],[18.695,50.175],[18.558,50.181]]]]}},{"type":"Feature","properties":{"k":"2473","n":"Rybnik","s":["2405","2411","2412","2415","2479"]},"geometry":{"type":"Polygon","coordinates":[[[18.523,50.038],[18.601,50.041],[18.609,50.042],[18.612,50.043],[18.657,50.081],[18.605,50.149],[18.558,50.181],[18.495,50.18],[18.45,50.156],[18.442,50.086],[18.443,50.086],[18.523,50.038]]]}},{"type":"Feature","properties":{"k":"2809","n":"lidzbarski","s":["2801","2802","2804","2814","2815"]},"geometry":{"type":"Polygon","coordinates":[[[20.161,53.985],[20.276,54.014],[20.356,54.071],[20.371,54.104],[20.47,54.065],[20.501,54.009],[20.642,53.999],[20.722,54.027],[20.781,54.074],[20.817,54.119],[20.732,54.214],[20.592,54.192],[20.493,54.185],[20.394,54.222],[20.333,54.187],[20.268,54.182],[20.186,54.202],[20.087,54.178],[19.965,54.181],[19.979,54.134],[20.058,54.077],[20.138,54.044],[20.161,53.985]]]}},{"type":"Feature","properties":{"k":"1207","n":"limanowski","s":["1201","1202","1209","1210","1211"]},"geometry":{"type":"Polygon","coordinates":[[[19.992,49.654],[19.999,49.613],[20.046,49.559],[20.114,49.545],[20.312,49.566],[20.362,49.534],[20.386,49.561],[20.37,49.621],[20.505,49.578],[20.54,49.583],[20.555,49.659],[20.586,49.695],[20.552,49.716],[20.585,49.762],[20.518,49.798],[20.47,49.781],[20.364,49.779],[20.344,49.816],[20.29,49.806],[20.244,49.83],[20.154,49.803],[20.133,49.745],[20.083,49.731],[20.039,49.746],[20.008,49.71],[19.992,49.654]]]}},{"type":"Feature","properties":{"k":"0408","n":"lipnowski","s":["0401","0405","0412","0415","0418","0464","1419","1427"]},"geometry":{"type":"Polygon","coordinates":[[[19.445,52.939],[19.4,52.929],[19.308,52.945],[19.239,53.002],[19.178,52.989],[19.147,52.962],[19.094,52.969],[19.01,52.965],[19.063,52.883],[19.035,52.849],[18.953,52.852],[18.907,52.836],[18.939,52.783],[18.983,52.736],[19.001,52.714],[19.122,52.739],[19.173,52.722],[19.183,52.661],[19.176,52.656],[19.371,52.625],[19.43,52.672],[19.441,52.723],[19.526,52.704],[19.515,52.749],[19.423,52.833],[19.509,52.868],[19.445,52.939]]]}},{"type":"Feature","properties":{"k":"1409","n":"lipski","s":["0612","1425","1436","2606","2607","2611"]},"geometry":{"type":"Polygon","coordinates":[[[21.803,51.072],[21.789,51.202],[21.822,51.263],[21.695,51.297],[21.632,51.274],[21.482,51.268],[21.452,51.221],[21.416,51.221],[21.425,51.184],[21.344,51.176],[21.311,51.084],[21.383,51.041],[21.464,51.013],[21.513,51.056],[21.63,51.063],[21.676,51.078],[21.705,51.043],[21.752,51.037],[21.803,51.072]]]}},{"type":"Feature","properties":{"k":"1809","n":"lubaczowski","s":["0602","0618","1804","1814"]},"geometry":{"type":"Polygon","coordinates":[[[23.548,50.252],[23.509,50.261],[23.5,50.3],[23.41,50.31],[23.436,50.345],[23.379,50.368],[23.354,50.402],[23.253,50.365],[23.184,50.396],[23.141,50.367],[23.019,50.287],[22.841,50.298],[22.798,50.21],[22.93,50.159],[22.915,50.099],[23.047,50.04],[23.057,49.986],[23.154,49.981],[23.279,50.1],[23.314,50.112],[23.47,50.218],[23.548,50.252]]]}},{"type":"Feature","properties":{"k":"0210","n":"lubański","s":["0201","0212","0225"]},"geometry":{"type":"Polygon","coordinates":[[[15.277,50.895],[15.353,50.922],[15.306,50.986],[15.387,51.001],[15.378,51.024],[15.428,51.12],[15.394,51.175],[15.217,51.193],[15.131,51.126],[15.121,51.08],[15.168,51.019],[15.23,50.997],[15.292,50.954],[15.277,50.895]]]}},{"type":"Feature","properties":{"k":"0608","n":"lubartowski","s":["0609","0610","0611","0613","0614","0615","0616"]},"geometry":{"type":"Polygon","coordinates":[[[22.398,51.714],[22.368,51.658],[22.289,51.638],[22.193,51.66],[22.212,51.604],[22.188,51.584],[22.249,51.551],[22.267,51.515],[22.191,51.498],[22.21,51.458],[22.301,51.428],[22.377,51.419],[22.383,51.395],[22.512,51.376],[22.566,51.392],[22.669,51.365],[22.78,51.402],[22.872,51.386],[22.981,51.424],[22.973,51.47],[23.019,51.501],[22.915,51.554],[22.88,51.529],[22.785,51.521],[22.785,51.561],[22.677,51.593],[22.61,51.622],[22.565,51.66],[22.484,51.695],[22.398,51.714]]]}},{"type":"Feature","properties":{"k":"0609","n":"lubelski","s":["0602","0605","0606","0607","0608","0610","0612","0614","0617","0663"]},"geometry":{"type":"Polygon","coordinates":[[[22.301,51.428],[22.266,51.367],[22.293,51.349],[22.277,51.292],[22.241,51.262],[22.168,51.257],[22.178,51.151],[22.232,51.108],[22.217,51.044],[22.168,51.044],[22.272,51.032],[22.355,51.05],[22.387,50.999],[22.453,50.984],[22.475,50.913],[22.537,50.909],[22.532,50.848],[22.578,50.838],[22.715,50.88],[22.771,50.884],[22.773,50.914],[22.814,50.973],[22.777,50.993],[22.812,51.041],[22.773,51.074],[22.699,51.103],[22.681,51.152],[22.701,51.191],[22.639,51.214],[22.62,51.18],[22.554,51.177],[22.471,51.213],[22.493,51.282],[22.605,51.281],[22.665,51.243],[22.77,51.278],[22.669,51.365],[22.566,51.392],[22.512,51.376],[22.383,51.395],[22.377,51.419],[22.301,51.428]]]}},{"type":"Feature","properties":{"k":"0211","n":"lubiński","s":["0203","0204","0209","0216","0222"]},"geometry":{"type":"Polygon","coordinates":[[[16.416,51.294],[16.461,51.326],[16.477,51.369],[16.438,51.428],[16.467,51.502],[16.463,51.56],[16.355,51.609],[16.328,51.598],[16.268,51.566],[16.244,51.522],[16.178,51.49],[16.186,51.457],[16.089,51.465],[16.071,51.438],[16.109,51.401],[16.071,51.355],[16.014,51.328],[16.017,51.307],[16.26,51.284],[16.308,51.291],[16.341,51.332],[16.416,51.294]]]}},{"type":"Feature","properties":{"k":"0663","n":"Lublin","s":["0609","0617"]},"geometry":{"type":"Polygon","coordinates":[[[22.639,51.214],[22.665,51.243],[22.605,51.281],[22.493,51.282],[22.471,51.213],[22.554,51.177],[22.62,51.18],[22.639,51.214]]]}},{"type":"Feature","properties":{"k":"2407","n":"lubliniecki","s":["1608","1611","2404","2406","2409","2413"]},"geometry":{"type":"Polygon","coordinates":[[[18.602,50.605],[18.78,50.572],[18.85,50.615],[18.906,50.577],[19.03,50.562],[19.022,50.529],[19.079,50.508],[19.077,50.556],[19.103,50.578],[19.074,50.616],[19.098,50.635],[19.038,50.661],[19.037,50.661],[19.038,50.661],[19.037,50.661],[19.02,50.662],[18.94,50.706],[18.914,50.765],[18.849,50.766],[18.805,50.798],[18.732,50.792],[18.644,50.824],[18.616,50.854],[18.522,50.802],[18.548,50.732],[18.484,50.708],[18.513,50.631],[18.602,50.605]]]}},{"type":"Feature","properties":{"k":"0212","n":"lwówecki","s":["0201","0206","0210","0226"]},"geometry":{"type":"Polygon","coordinates":[[[15.368,50.836],[15.413,50.833],[15.522,50.939],[15.672,50.959],[15.738,51.011],[15.763,51.054],[15.698,51.159],[15.633,51.186],[15.534,51.188],[15.428,51.12],[15.378,51.024],[15.387,51.001],[15.306,50.986],[15.353,50.922],[15.277,50.895],[15.368,50.836]]]}},{"type":"Feature","properties":{"k":"1810","n":"łańcucki","s":["1808","1814","1816"]},"geometry":{"type":"Polygon","coordinates":[[[22.234,49.932],[22.296,49.934],[22.317,49.998],[22.351,50.008],[22.374,50.054],[22.448,50.123],[22.409,50.126],[22.355,50.177],[22.284,50.205],[22.234,50.247],[22.198,50.234],[22.179,50.185],[22.099,50.17],[22.128,50.115],[22.168,50.083],[22.131,50.027],[22.229,49.968],[22.23,49.966],[22.234,49.932]]]}},{"type":"Feature","properties":{"k":"1003","n":"łaski","s":["1001","1008","1011","1014","1017","1019"]},"geometry":{"type":"Polygon","coordinates":[[[19.273,51.555],[19.205,51.584],[19.213,51.616],[19.151,51.635],[19.208,51.669],[19.18,51.728],[19.142,51.76],[19.056,51.778],[19.047,51.767],[19.108,51.689],[19.045,51.679],[19.008,51.65],[19.042,51.584],[18.948,51.52],[18.921,51.468],[18.863,51.489],[18.868,51.453],[18.803,51.411],[18.857,51.402],[18.897,51.364],[19.047,51.354],[19.076,51.459],[19.108,51.476],[19.196,51.476],[19.258,51.514],[19.273,51.555]]]}},{"type":"Feature","properties":{"k":"1004","n":"łęczycki","s":["1002","1005","1011","1020","3009"]},"geometry":{"type":"Polygon","coordinates":[[[19.129,52.001],[19.294,52.023],[19.466,51.997],[19.562,52.035],[19.542,52.047],[19.531,52.125],[19.489,52.13],[19.368,52.109],[19.318,52.174],[19.267,52.163],[19.179,52.205],[19.078,52.2],[19.02,52.215],[18.931,52.199],[18.911,52.133],[18.95,52.119],[18.925,52.079],[18.859,52.087],[18.828,52.064],[18.917,52.001],[18.962,52.025],[19.129,52.001]]]}},{"type":"Feature","properties":{"k":"0610","n":"łęczyński","s":["0603","0608","0609","0613","0617","0619"]},"geometry":{"type":"Polygon","coordinates":[[[23.064,51.422],[22.981,51.424],[22.872,51.386],[22.78,51.402],[22.669,51.365],[22.77,51.278],[22.845,51.271],[22.876,51.181],[22.923,51.174],[22.976,51.196],[23.041,51.184],[23.092,51.243],[23.139,51.238],[23.207,51.262],[23.234,51.314],[23.269,51.33],[23.195,51.358],[23.094,51.378],[23.064,51.422]]]}},{"type":"Feature","properties":{"k":"3218","n":"łobeski","s":["3203","3204","3205","3208","3214","3216"]},"geometry":{"type":"Polygon","coordinates":[[[15.237,53.531],[15.29,53.509],[15.367,53.538],[15.419,53.522],[15.479,53.474],[15.516,53.471],[15.59,53.505],[15.629,53.481],[15.705,53.498],[15.715,53.572],[15.756,53.597],[15.791,53.66],[15.701,53.687],[15.567,53.792],[15.531,53.874],[15.479,53.877],[15.44,53.846],[15.368,53.839],[15.352,53.779],[15.223,53.727],[15.302,53.66],[15.311,53.622],[15.209,53.623],[15.154,53.554],[15.237,53.531]]]}},{"type":"Feature","properties":{"k":"2062","n":"Łomża","s":["2007"]},"geometry":{"type":"Polygon","coordinates":[[[22.087,53.147],[22.096,53.192],[22.061,53.215],[22.011,53.17],[22.087,53.147]]]}},{"type":"Feature","properties":{"k":"2007","n":"łomżyński","s":["1415","1416","2002","2004","2006","2008","2014","2062"]},"geometry":{"type":"Polygon","coordinates":[[[21.976,52.979],[22.028,52.993],[22.068,53.05],[22.156,53.061],[22.219,53.04],[22.314,53.088],[22.317,53.128],[22.412,53.184],[22.469,53.203],[22.48,53.213],[22.43,53.218],[22.498,53.349],[22.406,53.351],[22.35,53.379],[22.279,53.438],[22.236,53.369],[22.245,53.307],[22.153,53.307],[22.115,53.264],[22.022,53.273],[21.986,53.239],[21.891,53.276],[21.877,53.319],[21.804,53.335],[21.735,53.313],[21.666,53.311],[21.645,53.284],[21.67,53.208],[21.707,53.166],[21.695,53.138],[21.736,53.109],[21.81,53.114],[21.873,53.059],[21.923,53.046],[21.884,53.007],[21.961,52.98],[21.96,52.98],[21.961,52.98],[21.976,52.979]],[[22.087,53.147],[22.011,53.17],[22.061,53.215],[22.096,53.192],[22.087,53.147]]]}},{"type":"Feature","properties":{"k":"1410","n":"łosicki","s":["0601","1426","2010"]},"geometry":{"type":"Polygon","coordinates":[[[22.648,52.091],[22.678,52.109],[22.902,52.064],[22.903,52.11],[22.933,52.137],[23.029,52.174],[23.033,52.219],[23.128,52.288],[23.073,52.282],[23.038,52.329],[22.997,52.332],[22.957,52.368],[22.851,52.359],[22.753,52.384],[22.722,52.373],[22.737,52.331],[22.724,52.28],[22.59,52.181],[22.579,52.136],[22.648,52.091]]]}},{"type":"Feature","properties":{"k":"1005","n":"łowicki","s":["1002","1004","1015","1020","1021","1404","1428"]},"geometry":{"type":"Polygon","coordinates":[[[19.84,51.952],[19.869,51.916],[19.961,51.992],[20.005,51.984],[20.127,52.043],[20.116,52.144],[20.062,52.188],[20.081,52.233],[20.042,52.258],[19.965,52.268],[19.936,52.3],[19.886,52.31],[19.736,52.259],[19.764,52.229],[19.714,52.204],[19.698,52.144],[19.609,52.116],[19.531,52.125],[19.542,52.047],[19.562,52.035],[19.68,52.029],[19.731,51.997],[19.832,51.977],[19.84,51.952]]]}},{"type":"Feature","properties":{"k":"1006","n":"łódzki wschodni","s":["1008","1010","1016","1020","1021","1061"]},"geometry":{"type":"Polygon","coordinates":[[[19.568,51.838],[19.615,51.812],[19.63,51.724],[19.608,51.698],[19.484,51.698],[19.432,51.687],[19.419,51.631],[19.467,51.603],[19.468,51.543],[19.541,51.513],[19.598,51.515],[19.616,51.59],[19.664,51.649],[19.708,51.63],[19.734,51.693],[19.791,51.708],[19.913,51.664],[19.981,51.741],[19.94,51.74],[19.909,51.776],[19.844,51.783],[19.765,51.749],[19.68,51.779],[19.661,51.854],[19.568,51.838]]]}},{"type":"Feature","properties":{"k":"1061","n":"Łódź","s":["1006","1008","1020"]},"geometry":{"type":"Polygon","coordinates":[[[19.568,51.838],[19.49,51.859],[19.456,51.836],[19.374,51.837],[19.337,51.784],[19.359,51.699],[19.432,51.687],[19.484,51.698],[19.608,51.698],[19.63,51.724],[19.615,51.812],[19.568,51.838]]]}},{"type":"Feature","properties":{"k":"0611","n":"łukowski","s":["0601","0608","0615","0616","1403","1426"]},"geometry":{"type":"Polygon","coordinates":[[[22.38,51.804],[22.423,51.865],[22.456,51.842],[22.572,51.896],[22.554,51.937],[22.576,51.968],[22.634,51.969],[22.623,52.019],[22.483,52.067],[22.456,52.03],[22.345,51.997],[22.286,52.02],[22.254,52.005],[22.152,52.028],[22.137,52.006],[22.051,52.021],[21.967,51.989],[21.889,51.973],[21.866,51.943],[21.912,51.887],[21.845,51.841],[21.942,51.826],[21.956,51.794],[22.064,51.78],[22.063,51.738],[22.134,51.71],[22.193,51.66],[22.289,51.638],[22.368,51.658],[22.398,51.714],[22.437,51.746],[22.38,51.804]]]}},{"type":"Feature","properties":{"k":"1411","n":"makowski","s":["1402","1415","1422","1424","1435"]},"geometry":{"type":"Polygon","coordinates":[[[20.941,52.81],[21.002,52.769],[21.13,52.804],[21.215,52.763],[21.321,52.777],[21.479,52.801],[21.427,52.879],[21.465,52.919],[21.491,52.981],[21.463,53],[21.337,53.043],[21.298,53.08],[21.182,53.115],[21.086,53.108],[21.011,53.054],[21.002,52.993],[21.039,52.945],[21.005,52.906],[20.941,52.876],[20.862,52.87],[20.941,52.81]]]}},{"type":"Feature","properties":{"k":"2209","n":"malborski","s":["2204","2210","2214","2216","2804"]},"geometry":{"type":"Polygon","coordinates":[[[18.861,53.947],[18.982,54.001],[19.029,53.989],[19.126,54.024],[19.214,54.01],[19.268,54.025],[19.256,54.086],[19.218,54.116],[19.155,54.137],[19.056,54.149],[19.001,54.183],[18.837,54.156],[18.828,54.142],[18.807,54.098],[18.861,53.947]]]}},{"type":"Feature","properties":{"k":"1208","n":"miechowski","s":["1206","1212","1214","2416","2602","2603","2608"]},"geometry":{"type":"Polygon","coordinates":[[[20.177,50.29],[20.293,50.322],[20.305,50.336],[20.321,50.385],[20.264,50.43],[20.273,50.47],[20.194,50.496],[20.094,50.49],[20.076,50.51],[19.988,50.52],[19.95,50.505],[19.9,50.453],[19.845,50.434],[19.854,50.37],[19.825,50.328],[19.921,50.299],[19.901,50.276],[19.996,50.283],[20.121,50.306],[20.177,50.29]]]}},{"type":"Feature","properties":{"k":"1811","n":"mielecki","s":["1204","1803","1806","1815","1820","2612"]},"geometry":{"type":"Polygon","coordinates":[[[21.482,50.496],[21.444,50.457],[21.367,50.441],[21.281,50.408],[21.208,50.355],[21.194,50.304],[21.142,50.238],[21.171,50.209],[21.153,50.149],[21.302,50.131],[21.369,50.168],[21.511,50.162],[21.609,50.178],[21.603,50.209],[21.61,50.25],[21.556,50.276],[21.567,50.332],[21.638,50.343],[21.599,50.387],[21.551,50.401],[21.565,50.435],[21.482,50.496]]]}},{"type":"Feature","properties":{"k":"3014","n":"międzychodzki","s":["0803","0806","3002","3015","3024"]},"geometry":{"type":"Polygon","coordinates":[[[16.194,52.489],[16.257,52.57],[16.282,52.65],[16.207,52.678],[16.123,52.688],[16.014,52.735],[15.947,52.755],[15.907,52.715],[15.793,52.707],[15.785,52.619],[15.858,52.544],[15.835,52.529],[15.892,52.473],[16.018,52.458],[16.026,52.489],[16.099,52.514],[16.148,52.484],[16.194,52.489]]]}},{"type":"Feature","properties":{"k":"0803","n":"międzyrzecki","s":["0801","0806","0807","0808","3014","3015"]},"geometry":{"type":"Polygon","coordinates":[[[15.436,52.376],[15.454,52.361],[15.622,52.343],[15.626,52.321],[15.725,52.291],[15.83,52.321],[15.881,52.29],[15.896,52.394],[15.846,52.431],[15.892,52.473],[15.835,52.529],[15.858,52.544],[15.785,52.619],[15.793,52.707],[15.738,52.713],[15.637,52.701],[15.604,52.714],[15.538,52.694],[15.441,52.701],[15.348,52.603],[15.306,52.59],[15.266,52.485],[15.304,52.473],[15.334,52.426],[15.409,52.422],[15.436,52.376]]]}},{"type":"Feature","properties":{"k":"2408","n":"mikołowski","s":["2405","2410","2412","2469","2472","2477","2479"]},"geometry":{"type":"Polygon","coordinates":[[[18.897,50.219],[18.797,50.246],[18.795,50.239],[18.795,50.204],[18.72,50.2],[18.74,50.111],[18.726,50.066],[18.754,50.054],[18.848,50.07],[18.858,50.097],[18.933,50.082],[18.954,50.112],[18.934,50.159],[18.897,50.219]]]}},{"type":"Feature","properties":{"k":"0213","n":"milicki","s":["0214","0220","3012","3017","3022"]},"geometry":{"type":"Polygon","coordinates":[[[16.991,51.55],[17.057,51.53],[17.1,51.496],[17.112,51.448],[17.236,51.392],[17.34,51.373],[17.371,51.368],[17.442,51.437],[17.527,51.457],[17.514,51.502],[17.576,51.54],[17.556,51.584],[17.499,51.616],[17.324,51.648],[17.257,51.643],[17.216,51.63],[17.215,51.574],[16.991,51.55]]]}},{"type":"Feature","properties":{"k":"1412","n":"miński","s":["1403","1417","1426","1433","1434","1465"]},"geometry":{"type":"Polygon","coordinates":[[[21.578,52.033],[21.648,52.028],[21.752,51.991],[21.888,51.991],[21.87,52.036],[21.971,52.086],[21.916,52.175],[21.942,52.216],[21.87,52.236],[21.793,52.263],[21.784,52.308],[21.738,52.314],[21.754,52.359],[21.704,52.39],[21.643,52.379],[21.583,52.345],[21.497,52.329],[21.487,52.306],[21.401,52.305],[21.44,52.263],[21.32,52.275],[21.251,52.263],[21.251,52.223],[21.397,52.188],[21.524,52.117],[21.578,52.033]]]}},{"type":"Feature","properties":{"k":"1413","n":"mławski","s":["1402","1420","1422","1437","2803","2811"]},"geometry":{"type":"Polygon","coordinates":[[[20.676,53.27],[20.562,53.227],[20.475,53.234],[20.411,53.214],[20.37,53.177],[20.29,53.139],[20.165,53.156],[20.135,53.143],[20.086,53.052],[20.043,53.033],[20.037,52.968],[20.033,52.929],[20.093,52.894],[20.147,52.886],[20.188,52.896],[20.264,52.848],[20.351,52.848],[20.404,52.868],[20.443,52.955],[20.548,53.005],[20.585,53.037],[20.57,53.074],[20.621,53.105],[20.665,53.087],[20.703,53.124],[20.72,53.183],[20.676,53.27]]]}},{"type":"Feature","properties":{"k":"0409","n":"mogileński","s":["0407","0419","3003","3010","3023"]},"geometry":{"type":"Polygon","coordinates":[[[18.352,52.543],[18.361,52.592],[18.242,52.607],[18.227,52.733],[18.132,52.692],[18.011,52.689],[18.039,52.768],[17.996,52.797],[17.937,52.842],[17.886,52.821],[17.917,52.748],[17.87,52.739],[17.802,52.692],[17.787,52.652],[17.877,52.629],[17.987,52.553],[18.095,52.553],[18.133,52.506],[18.257,52.484],[18.346,52.524],[18.352,52.543]]]}},{"type":"Feature","properties":{"k":"2008","n":"moniecki","s":["2001","2002","2004","2007","2011"]},"geometry":{"type":"Polygon","coordinates":[[[22.93,53.585],[22.887,53.603],[22.878,53.675],[22.844,53.687],[22.777,53.667],[22.745,53.632],[22.674,53.595],[22.699,53.569],[22.635,53.529],[22.612,53.465],[22.537,53.431],[22.544,53.404],[22.498,53.349],[22.43,53.218],[22.48,53.213],[22.606,53.211],[22.71,53.277],[22.78,53.214],[22.885,53.227],[22.978,53.287],[23.11,53.32],[23.118,53.339],[23.109,53.398],[23.058,53.402],[23.074,53.496],[23.023,53.534],[22.997,53.578],[22.93,53.585]]]}},{"type":"Feature","properties":{"k":"2810","n":"mrągowski","s":["2806","2808","2814","2816","2817"]},"geometry":{"type":"Polygon","coordinates":[[[21.105,53.771],[21.12,53.735],[21.314,53.628],[21.422,53.638],[21.476,53.632],[21.462,53.722],[21.52,53.724],[21.615,53.765],[21.68,53.722],[21.733,53.825],[21.712,53.863],[21.744,53.892],[21.682,53.89],[21.526,53.855],[21.432,53.947],[21.459,53.96],[21.384,53.996],[21.313,53.995],[21.233,53.97],[21.181,53.938],[21.128,53.939],[21.051,53.867],[21.123,53.799],[21.105,53.771]]]}},{"type":"Feature","properties":{"k":"2470","n":"Mysłowice","s":["2414","2468","2469","2475"]},"geometry":{"type":"Polygon","coordinates":[[[19.11,50.161],[19.242,50.161],[19.161,50.226],[19.124,50.266],[19.122,50.267],[19.092,50.21],[19.11,50.161]]]}},{"type":"Feature","properties":{"k":"2409","n":"myszkowski","s":["2401","2404","2407","2413","2416"]},"geometry":{"type":"Polygon","coordinates":[[[19.307,50.521],[19.391,50.525],[19.377,50.563],[19.414,50.591],[19.564,50.625],[19.62,50.623],[19.623,50.658],[19.578,50.65],[19.538,50.682],[19.451,50.69],[19.385,50.665],[19.299,50.68],[19.245,50.704],[19.182,50.683],[19.178,50.649],[19.098,50.635],[19.074,50.616],[19.103,50.578],[19.077,50.556],[19.079,50.508],[19.134,50.523],[19.214,50.522],[19.268,50.536],[19.307,50.521]]]}},{"type":"Feature","properties":{"k":"1209","n":"myślenicki","s":["1201","1206","1207","1211","1215","1218","1219"]},"geometry":{"type":"Polygon","coordinates":[[[19.992,49.654],[20.008,49.71],[20.039,49.746],[20.083,49.731],[20.133,49.745],[20.154,49.803],[20.244,49.83],[20.233,49.864],[20.077,49.928],[20.001,49.931],[19.904,49.901],[19.902,49.902],[19.871,49.927],[19.81,49.885],[19.758,49.83],[19.751,49.786],[19.796,49.706],[19.912,49.713],[19.886,49.683],[19.894,49.638],[19.947,49.618],[19.992,49.654]]]}},{"type":"Feature","properties":{"k":"3210","n":"myśliborski","s":["0801","0806","3202","3206","3212","3214"]},"geometry":{"type":"Polygon","coordinates":[[[14.564,52.625],[14.638,52.659],[14.722,52.633],[14.792,52.697],[14.789,52.752],[14.865,52.793],[14.855,52.825],[14.918,52.889],[15.039,52.861],[15.072,52.831],[15.286,52.886],[15.332,52.904],[15.287,52.957],[15.283,53.009],[15.208,53.043],[15.206,53.082],[15.199,53.085],[15.14,53.028],[15.037,53.054],[15.05,53.003],[14.933,52.984],[14.849,53.063],[14.787,53.023],[14.733,53.037],[14.697,53.007],[14.722,52.95],[14.695,52.924],[14.662,52.838],[14.609,52.785],[14.532,52.747],[14.436,52.68],[14.564,52.625]]]}},{"type":"Feature","properties":{"k":"0410","n":"nakielski","s":["0403","0413","0419","3019","3028"]},"geometry":{"type":"Polygon","coordinates":[[[17.513,52.909],[17.562,52.895],[17.614,52.917],[17.726,52.917],[17.809,52.941],[17.853,52.978],[17.849,53.026],[17.878,53.043],[17.84,53.092],[17.779,53.1],[17.744,53.142],[17.747,53.181],[17.686,53.212],[17.702,53.286],[17.614,53.275],[17.439,53.268],[17.409,53.228],[17.332,53.218],[17.342,53.159],[17.39,53.144],[17.357,53.087],[17.324,53.078],[17.332,53.019],[17.317,52.974],[17.395,52.982],[17.519,52.928],[17.513,52.909]]]}},{"type":"Feature","properties":{"k":"1606","n":"namysłowski","s":["0214","0215","1601","1604","1609","3008"]},"geometry":{"type":"Polygon","coordinates":[[[17.795,51.194],[17.669,51.161],[17.621,51.175],[17.545,51.155],[17.578,51.111],[17.518,51.052],[17.544,51],[17.637,50.978],[17.692,50.919],[17.803,50.896],[17.82,50.867],[17.89,50.861],[17.905,50.91],[17.949,50.905],[17.971,50.968],[18.012,50.964],[17.938,50.981],[17.924,51.013],[17.953,51.058],[17.94,51.109],[17.82,51.121],[17.851,51.172],[17.795,51.194]]]}},{"type":"Feature","properties":{"k":"2811","n":"nidzicki","s":["1413","1422","2803","2814","2815","2817"]},"geometry":{"type":"Polygon","coordinates":[[[20.599,53.531],[20.511,53.531],[20.465,53.51],[20.368,53.496],[20.35,53.462],[20.233,53.472],[20.187,53.458],[20.229,53.412],[20.201,53.395],[20.18,53.33],[20.257,53.277],[20.248,53.238],[20.411,53.214],[20.475,53.234],[20.562,53.227],[20.676,53.27],[20.752,53.313],[20.792,53.31],[20.801,53.337],[20.768,53.389],[20.632,53.452],[20.595,53.487],[20.599,53.531]]]}},{"type":"Feature","properties":{"k":"1812","n":"niżański","s":["0602","0605","1806","1808","1816","1818"]},"geometry":{"type":"Polygon","coordinates":[[[22.405,50.394],[22.456,50.452],[22.567,50.483],[22.541,50.506],[22.52,50.583],[22.407,50.586],[22.349,50.614],[22.246,50.625],[22.25,50.574],[22.202,50.54],[22.096,50.546],[22.065,50.513],[22.087,50.453],[22.019,50.38],[21.984,50.367],[22.006,50.309],[22.102,50.355],[22.193,50.337],[22.278,50.384],[22.373,50.365],[22.405,50.394]]]}},{"type":"Feature","properties":{"k":"1414","n":"nowodworski","s":["1408","1420","1424","1428","1432"]},"geometry":{"type":"Polygon","coordinates":[[[20.821,52.379],[20.762,52.405],[20.763,52.469],[20.819,52.485],[20.891,52.484],[20.931,52.559],[20.907,52.589],[20.829,52.633],[20.758,52.643],[20.715,52.617],[20.609,52.568],[20.573,52.465],[20.487,52.441],[20.498,52.422],[20.405,52.384],[20.422,52.331],[20.439,52.288],[20.604,52.334],[20.646,52.315],[20.731,52.348],[20.821,52.346],[20.821,52.379]]]}},{"type":"Feature","properties":{"k":"2210","n":"nowodworski","s":["2204","2209","2261","2802","2804"]},"geometry":{"type":"Polygon","coordinates":[[[19.649,54.453],[19.478,54.398],[19.347,54.37],[19.071,54.505],[18.95,54.359],[18.941,54.28],[18.944,54.24],[18.837,54.156],[19.001,54.183],[19.056,54.149],[19.155,54.137],[19.218,54.116],[19.247,54.167],[19.32,54.191],[19.318,54.226],[19.253,54.27],[19.291,54.299],[19.415,54.32],[19.636,54.392],[19.649,54.453]]]}},{"type":"Feature","properties":{"k":"2812","n":"nowomiejski","s":["0402","0406","2803","2807"]},"geometry":{"type":"Polygon","coordinates":[[[19.904,53.436],[19.829,53.456],[19.777,53.439],[19.67,53.455],[19.572,53.523],[19.412,53.569],[19.376,53.551],[19.219,53.524],[19.224,53.457],[19.245,53.411],[19.291,53.389],[19.381,53.411],[19.427,53.36],[19.526,53.352],[19.587,53.332],[19.69,53.336],[19.718,53.302],[19.849,53.354],[19.831,53.396],[19.904,53.436]]]}},{"type":"Feature","properties":{"k":"1210","n":"nowosądecki","s":["1202","1205","1207","1211","1216","1262"]},"geometry":{"type":"Polygon","coordinates":[[[20.585,49.762],[20.552,49.716],[20.586,49.695],[20.555,49.659],[20.54,49.583],[20.505,49.578],[20.37,49.621],[20.386,49.561],[20.362,49.534],[20.499,49.473],[20.572,49.467],[20.615,49.418],[20.693,49.42],[20.826,49.334],[20.86,49.348],[20.931,49.297],[21.044,49.365],[21.104,49.376],[21.055,49.421],[21.02,49.46],[21.042,49.482],[20.999,49.533],[21.03,49.567],[20.999,49.597],[21.059,49.644],[21.004,49.677],[20.92,49.679],[20.883,49.732],[20.845,49.764],[20.713,49.807],[20.63,49.796],[20.585,49.762]],[[20.667,49.63],[20.724,49.652],[20.759,49.608],[20.718,49.555],[20.648,49.582],[20.667,49.63]]]}},{"type":"Feature","properties":{"k":"0804","n":"nowosolski","s":["0203","0809","0810","0812","0862","3029"]},"geometry":{"type":"Polygon","coordinates":[[[15.968,51.788],[15.884,51.799],[15.909,51.867],[15.98,51.875],[15.971,51.926],[16.011,51.981],[15.966,52.027],[15.931,51.98],[15.846,51.939],[15.868,51.922],[15.8,51.888],[15.638,51.905],[15.637,51.864],[15.508,51.82],[15.466,51.827],[15.442,51.782],[15.6,51.67],[15.699,51.66],[15.729,51.645],[15.834,51.672],[15.872,51.721],[15.977,51.748],[15.968,51.788]]]}},{"type":"Feature","properties":{"k":"1211","n":"nowotarski","s":["1207","1209","1210","1215","1217"]},"geometry":{"type":"Polygon","coordinates":[[[20.19,49.338],[20.324,49.352],[20.328,49.403],[20.405,49.392],[20.464,49.416],[20.558,49.378],[20.615,49.418],[20.572,49.467],[20.499,49.473],[20.362,49.534],[20.312,49.566],[20.114,49.545],[20.046,49.559],[19.999,49.613],[19.992,49.654],[19.947,49.618],[19.894,49.638],[19.863,49.599],[19.799,49.594],[19.753,49.572],[19.677,49.576],[19.619,49.624],[19.592,49.593],[19.529,49.573],[19.554,49.49],[19.581,49.46],[19.648,49.433],[19.647,49.433],[19.648,49.433],[19.647,49.433],[19.635,49.413],[19.714,49.392],[19.791,49.411],[19.795,49.348],[19.9,49.34],[20.085,49.428],[20.172,49.367],[20.19,49.338]]]}},{"type":"Feature","properties":{"k":"3015","n":"nowotomyski","s":["0803","0808","0809","3005","3014","3021","3024","3029"]},"geometry":{"type":"Polygon","coordinates":[[[16.073,52.244],[16.164,52.227],[16.173,52.268],[16.299,52.287],[16.42,52.249],[16.513,52.27],[16.461,52.377],[16.442,52.405],[16.361,52.425],[16.29,52.472],[16.194,52.489],[16.148,52.484],[16.099,52.514],[16.026,52.489],[16.018,52.458],[15.892,52.473],[15.846,52.431],[15.896,52.394],[15.881,52.29],[15.852,52.262],[15.85,52.213],[15.861,52.183],[15.996,52.232],[16.073,52.244]]]}},{"type":"Feature","properties":{"k":"1262","n":"Nowy Sącz","s":["1210"]},"geometry":{"type":"Polygon","coordinates":[[[20.667,49.63],[20.648,49.582],[20.718,49.555],[20.759,49.608],[20.724,49.652],[20.667,49.63]]]}},{"type":"Feature","properties":{"k":"1607","n":"nyski","s":["0217","0224","1601","1609","1610"]},"geometry":{"type":"Polygon","coordinates":[[[16.908,50.449],[16.983,50.42],[17.111,50.405],[17.29,50.318],[17.338,50.284],[17.421,50.277],[17.438,50.252],[17.505,50.275],[17.452,50.298],[17.455,50.368],[17.479,50.396],[17.545,50.396],[17.67,50.457],[17.675,50.484],[17.763,50.555],[17.613,50.556],[17.558,50.586],[17.496,50.591],[17.467,50.615],[17.41,50.608],[17.406,50.666],[17.374,50.67],[17.335,50.615],[17.232,50.615],[17.165,50.614],[17.115,50.587],[17.062,50.537],[17.062,50.476],[16.947,50.48],[16.908,50.449]]]}},{"type":"Feature","properties":{"k":"3016","n":"obornicki","s":["3001","3002","3021","3024","3028"]},"geometry":{"type":"Polygon","coordinates":[[[16.73,52.566],[16.897,52.584],[16.918,52.635],[17.033,52.676],[17.106,52.689],[17.133,52.732],[17.115,52.774],[17.006,52.782],[17.007,52.828],[16.941,52.817],[16.831,52.858],[16.78,52.889],[16.725,52.834],[16.798,52.795],[16.732,52.75],[16.583,52.743],[16.637,52.692],[16.6,52.667],[16.655,52.599],[16.73,52.566]]]}},{"type":"Feature","properties":{"k":"2813","n":"olecki","s":["2012","2805","2806","2818"]},"geometry":{"type":"Polygon","coordinates":[[[22.166,54.004],[22.206,54.002],[22.331,53.929],[22.417,53.938],[22.44,53.904],[22.49,53.891],[22.595,53.903],[22.637,53.94],[22.724,53.953],[22.671,54.029],[22.601,54.052],[22.636,54.093],[22.602,54.137],[22.547,54.138],[22.482,54.202],[22.451,54.209],[22.297,54.192],[22.263,54.168],[22.173,54.198],[22.146,54.182],[22.137,54.14],[22.201,54.06],[22.151,54.035],[22.166,54.004]]]}},{"type":"Feature","properties":{"k":"1608","n":"oleski","s":["1017","1018","1604","1609","1611","2406","2407"]},"geometry":{"type":"Polygon","coordinates":[[[18.673,51.057],[18.581,51.09],[18.47,51.104],[18.35,51.137],[18.315,51.134],[18.346,51.061],[18.308,51.041],[18.381,50.954],[18.331,50.909],[18.36,50.851],[18.351,50.811],[18.266,50.815],[18.23,50.797],[18.343,50.696],[18.384,50.702],[18.459,50.679],[18.476,50.618],[18.513,50.631],[18.484,50.708],[18.548,50.732],[18.522,50.802],[18.616,50.854],[18.655,50.915],[18.612,50.955],[18.664,50.971],[18.695,51.016],[18.673,51.057]]]}},{"type":"Feature","properties":{"k":"0214","n":"oleśnicki","s":["0213","0215","0220","0223","1606","3008","3017","3018"]},"geometry":{"type":"Polygon","coordinates":[[[17.243,51.267],[17.251,51.24],[17.311,51.215],[17.29,51.174],[17.345,51.169],[17.329,51.118],[17.376,51.104],[17.427,51.07],[17.518,51.052],[17.578,51.111],[17.545,51.155],[17.621,51.175],[17.669,51.161],[17.795,51.194],[17.743,51.255],[17.761,51.31],[17.723,51.359],[17.75,51.411],[17.703,51.4],[17.613,51.423],[17.571,51.405],[17.527,51.457],[17.442,51.437],[17.371,51.368],[17.34,51.373],[17.269,51.352],[17.243,51.267]]]}},{"type":"Feature","properties":{"k":"1212","n":"olkuski","s":["1203","1206","1208","2401","2416","2465","2468"]},"geometry":{"type":"Polygon","coordinates":[[[19.901,50.276],[19.921,50.299],[19.825,50.328],[19.854,50.37],[19.845,50.434],[19.702,50.448],[19.672,50.416],[19.606,50.404],[19.519,50.417],[19.459,50.363],[19.484,50.324],[19.407,50.317],[19.382,50.273],[19.323,50.259],[19.442,50.227],[19.484,50.229],[19.589,50.198],[19.648,50.2],[19.678,50.241],[19.674,50.296],[19.834,50.264],[19.901,50.276]]]}},{"type":"Feature","properties":{"k":"2862","n":"Olsztyn","s":["2814"]},"geometry":{"type":"Polygon","coordinates":[[[20.388,53.809],[20.408,53.761],[20.48,53.734],[20.526,53.734],[20.567,53.785],[20.481,53.829],[20.388,53.809]]]}},{"type":"Feature","properties":{"k":"2814","n":"olsztyński","s":["2801","2808","2809","2810","2811","2815","2817","2862"]},"geometry":{"type":"Polygon","coordinates":[[[20.599,53.531],[20.598,53.557],[20.688,53.629],[20.701,53.661],[20.771,53.693],[20.909,53.779],[20.971,53.765],[21.053,53.791],[21.105,53.771],[21.123,53.799],[21.051,53.867],[21.128,53.939],[21.086,53.998],[21.082,54.037],[21.037,54.057],[20.994,54.029],[20.946,54.05],[20.844,54.023],[20.793,54.035],[20.781,54.074],[20.722,54.027],[20.642,53.999],[20.501,54.009],[20.47,54.065],[20.371,54.104],[20.356,54.071],[20.276,54.014],[20.161,53.985],[20.111,53.902],[20.173,53.863],[20.123,53.836],[20.159,53.768],[20.12,53.624],[20.17,53.547],[20.268,53.49],[20.233,53.472],[20.35,53.462],[20.368,53.496],[20.465,53.51],[20.511,53.531],[20.599,53.531]],[[20.388,53.809],[20.481,53.829],[20.567,53.785],[20.526,53.734],[20.48,53.734],[20.408,53.761],[20.388,53.809]]]}},{"type":"Feature","properties":{"k":"0215","n":"oławski","s":["0214","0217","0223","1601","1606"]},"geometry":{"type":"Polygon","coordinates":[[[17.376,51.104],[17.296,51.066],[17.251,51.017],[17.197,51.009],[17.16,50.968],[17.115,50.962],[17.113,50.922],[17.069,50.903],[17.125,50.84],[17.152,50.864],[17.24,50.864],[17.319,50.821],[17.328,50.851],[17.384,50.862],[17.382,50.925],[17.433,50.916],[17.431,50.967],[17.502,50.976],[17.544,51],[17.518,51.052],[17.427,51.07],[17.376,51.104]]]}},{"type":"Feature","properties":{"k":"2606","n":"opatowski","s":["0607","0612","1409","2604","2607","2609","2612"]},"geometry":{"type":"Polygon","coordinates":[[[21.63,51.063],[21.663,51.024],[21.591,50.953],[21.616,50.925],[21.57,50.872],[21.497,50.827],[21.46,50.876],[21.404,50.886],[21.257,50.844],[21.233,50.819],[21.133,50.822],[21.136,50.764],[21.17,50.75],[21.146,50.699],[21.35,50.684],[21.416,50.704],[21.49,50.705],[21.557,50.731],[21.556,50.764],[21.629,50.796],[21.719,50.781],[21.713,50.842],[21.754,50.876],[21.836,50.878],[21.813,50.935],[21.817,50.974],[21.826,51.047],[21.803,51.072],[21.752,51.037],[21.705,51.043],[21.676,51.078],[21.63,51.063]]]}},{"type":"Feature","properties":{"k":"1007","n":"opoczyński","s":["1010","1012","1016","1423","2605"]},"geometry":{"type":"Polygon","coordinates":[[[20.433,51.339],[20.447,51.41],[20.48,51.41],[20.526,51.468],[20.52,51.51],[20.453,51.504],[20.468,51.561],[20.422,51.601],[20.323,51.574],[20.228,51.503],[20.192,51.463],[20.102,51.47],[20.036,51.434],[19.971,51.431],[19.926,51.424],[19.863,51.401],[19.866,51.378],[19.987,51.334],[20.049,51.294],[20.064,51.247],[19.992,51.221],[19.993,51.184],[19.994,51.184],[20.026,51.2],[20.12,51.189],[20.252,51.207],[20.278,51.244],[20.39,51.272],[20.364,51.308],[20.433,51.339]]]}},{"type":"Feature","properties":{"k":"1661","n":"Opole","s":["1609"]},"geometry":{"type":"Polygon","coordinates":[[[17.858,50.765],[17.86,50.732],[17.809,50.713],[17.851,50.644],[17.961,50.621],[18.002,50.658],[17.927,50.713],[17.927,50.767],[17.858,50.765]]]}},{"type":"Feature","properties":{"k":"0612","n":"opolski","s":["0607","0609","0614","1409","1436","2606"]},"geometry":{"type":"Polygon","coordinates":[[[21.817,50.974],[21.875,50.979],[21.93,50.959],[21.996,50.992],[22.02,51.04],[22.168,51.044],[22.217,51.044],[22.232,51.108],[22.178,51.151],[22.168,51.257],[22.012,51.298],[21.951,51.293],[21.891,51.309],[21.86,51.275],[21.822,51.263],[21.789,51.202],[21.803,51.072],[21.826,51.047],[21.817,50.974]]]}},{"type":"Feature","properties":{"k":"1609","n":"opolski","s":["1601","1604","1605","1606","1607","1608","1610","1611","1661"]},"geometry":{"type":"Polygon","coordinates":[[[17.814,50.53],[17.873,50.502],[17.897,50.546],[18.118,50.554],[18.207,50.65],[18.279,50.643],[18.343,50.696],[18.23,50.797],[18.194,50.834],[18.13,50.83],[18.092,50.848],[18.106,50.895],[18.012,50.964],[17.971,50.968],[17.949,50.905],[17.905,50.91],[17.89,50.861],[17.82,50.867],[17.803,50.896],[17.692,50.919],[17.622,50.866],[17.604,50.831],[17.751,50.78],[17.739,50.742],[17.607,50.711],[17.516,50.729],[17.467,50.615],[17.496,50.591],[17.558,50.586],[17.613,50.556],[17.763,50.555],[17.814,50.53]],[[17.858,50.765],[17.927,50.767],[17.927,50.713],[18.002,50.658],[17.961,50.621],[17.851,50.644],[17.809,50.713],[17.86,50.732],[17.858,50.765]]]}},{"type":"Feature","properties":{"k":"1415","n":"ostrołęcki","s":["1411","1416","1422","1435","1461","2006","2007","2816","2817"]},"geometry":{"type":"Polygon","coordinates":[[[21.602,52.834],[21.614,52.893],[21.696,52.909],[21.791,52.897],[21.831,52.94],[21.96,52.98],[21.961,52.98],[21.884,53.007],[21.923,53.046],[21.873,53.059],[21.81,53.114],[21.736,53.109],[21.695,53.138],[21.707,53.166],[21.67,53.208],[21.645,53.284],[21.666,53.311],[21.735,53.313],[21.654,53.35],[21.684,53.368],[21.607,53.436],[21.613,53.481],[21.552,53.478],[21.435,53.463],[21.411,53.428],[21.282,53.427],[21.141,53.377],[21.054,53.334],[21.202,53.278],[21.155,53.258],[21.177,53.195],[21.147,53.174],[21.214,53.133],[21.182,53.115],[21.298,53.08],[21.337,53.043],[21.463,53],[21.491,52.981],[21.465,52.919],[21.427,52.879],[21.479,52.801],[21.598,52.808],[21.602,52.834]],[[21.539,53.088],[21.62,53.112],[21.605,53.071],[21.539,53.088]]]}},{"type":"Feature","properties":{"k":"1461","n":"Ostrołęka","s":["1415"]},"geometry":{"type":"Polygon","coordinates":[[[21.539,53.088],[21.605,53.071],[21.62,53.112],[21.539,53.088]]]}},{"type":"Feature","properties":{"k":"2607","n":"ostrowiecki","s":["1409","2604","2606","2611"]},"geometry":{"type":"Polygon","coordinates":[[[21.133,50.822],[21.233,50.819],[21.257,50.844],[21.404,50.886],[21.46,50.876],[21.497,50.827],[21.57,50.872],[21.616,50.925],[21.591,50.953],[21.663,51.024],[21.63,51.063],[21.513,51.056],[21.464,51.013],[21.383,51.041],[21.326,51.036],[21.285,50.988],[21.221,51.002],[21.201,50.947],[21.158,50.908],[21.138,50.889],[21.133,50.822]]]}},{"type":"Feature","properties":{"k":"3017","n":"ostrowski","s":["0213","0214","3007","3012","3018","3020","3061"]},"geometry":{"type":"Polygon","coordinates":[[[17.75,51.411],[17.785,51.466],[17.861,51.497],[17.948,51.569],[18.021,51.57],[18.068,51.547],[18.177,51.546],[18.177,51.58],[18.109,51.6],[18.075,51.638],[18.111,51.667],[18.087,51.706],[18.01,51.714],[18.01,51.76],[17.817,51.799],[17.75,51.79],[17.731,51.816],[17.647,51.796],[17.707,51.745],[17.604,51.675],[17.563,51.672],[17.556,51.584],[17.576,51.54],[17.514,51.502],[17.527,51.457],[17.571,51.405],[17.613,51.423],[17.703,51.4],[17.75,51.411]]]}},{"type":"Feature","properties":{"k":"1416","n":"ostrowski","s":["1415","1429","1433","1435","2007","2013","2014"]},"geometry":{"type":"Polygon","coordinates":[[[22.293,52.871],[22.207,52.883],[22.124,52.843],[22.038,52.851],[22.004,52.885],[22.029,52.939],[21.976,52.979],[21.961,52.98],[21.96,52.98],[21.831,52.94],[21.791,52.897],[21.696,52.909],[21.614,52.893],[21.602,52.834],[21.705,52.796],[21.706,52.701],[21.773,52.665],[21.867,52.699],[21.92,52.66],[22,52.647],[22,52.622],[22.035,52.622],[22.043,52.676],[22.103,52.693],[22.212,52.698],[22.35,52.656],[22.409,52.61],[22.451,52.625],[22.435,52.696],[22.454,52.788],[22.39,52.796],[22.339,52.751],[22.304,52.748],[22.25,52.827],[22.305,52.839],[22.293,52.871]]]}},{"type":"Feature","properties":{"k":"2815","n":"ostródzki","s":["2216","2803","2804","2807","2809","2811","2814"]},"geometry":{"type":"Polygon","coordinates":[[[20.161,53.985],[20.138,54.044],[20.058,54.077],[20.021,54.033],[19.965,54.021],[19.902,54.037],[19.807,54.007],[19.789,53.982],[19.68,53.941],[19.617,53.962],[19.576,53.948],[19.56,53.917],[19.585,53.893],[19.673,53.888],[19.739,53.832],[19.751,53.779],[19.704,53.7],[19.808,53.671],[19.739,53.617],[19.882,53.56],[19.896,53.484],[19.948,53.438],[20.027,53.394],[20.092,53.379],[20.135,53.424],[20.201,53.395],[20.229,53.412],[20.187,53.458],[20.233,53.472],[20.268,53.49],[20.17,53.547],[20.12,53.624],[20.159,53.768],[20.123,53.836],[20.173,53.863],[20.111,53.902],[20.161,53.985]]]}},{"type":"Feature","properties":{"k":"3018","n":"ostrzeszowski","s":["0214","1014","1018","3007","3008","3017"]},"geometry":{"type":"Polygon","coordinates":[[[18.326,51.42],[18.383,51.477],[18.359,51.536],[18.177,51.546],[18.068,51.547],[18.021,51.57],[17.948,51.569],[17.861,51.497],[17.785,51.466],[17.75,51.411],[17.723,51.359],[17.761,51.31],[17.824,51.294],[17.835,51.331],[17.906,51.349],[17.96,51.339],[18.048,51.393],[18.099,51.362],[18.138,51.378],[18.139,51.379],[18.138,51.378],[18.139,51.379],[18.208,51.404],[18.228,51.452],[18.326,51.42]]]}},{"type":"Feature","properties":{"k":"1213","n":"oświęcimski","s":["1203","1218","2402","2410","2414","2468"]},"geometry":{"type":"Polygon","coordinates":[[[19.29,49.851],[19.302,49.906],[19.381,49.959],[19.467,49.941],[19.483,50.02],[19.51,50.026],[19.293,50.056],[19.259,50.117],[19.254,50.134],[19.213,50.074],[19.145,50.039],[19.093,49.957],[19.119,49.939],[19.185,49.95],[19.203,49.872],[19.29,49.851]]]}},{"type":"Feature","properties":{"k":"1417","n":"otwocki","s":["1403","1406","1412","1418","1465"]},"geometry":{"type":"Polygon","coordinates":[[[21.239,51.902],[21.276,51.877],[21.4,51.901],[21.465,51.926],[21.469,51.979],[21.514,51.984],[21.531,52.022],[21.578,52.033],[21.524,52.117],[21.397,52.188],[21.251,52.223],[21.268,52.167],[21.165,52.145],[21.208,52.104],[21.222,52.004],[21.279,51.964],[21.239,51.902]]]}},{"type":"Feature","properties":{"k":"1008","n":"pabianicki","s":["1001","1003","1006","1010","1011","1020","1061"]},"geometry":{"type":"Polygon","coordinates":[[[19.414,51.525],[19.468,51.543],[19.467,51.603],[19.419,51.631],[19.432,51.687],[19.359,51.699],[19.337,51.784],[19.297,51.771],[19.139,51.825],[18.999,51.82],[19.056,51.778],[19.142,51.76],[19.18,51.728],[19.208,51.669],[19.151,51.635],[19.213,51.616],[19.205,51.584],[19.273,51.555],[19.329,51.522],[19.414,51.525]]]}},{"type":"Feature","properties":{"k":"1009","n":"pajęczański","s":["1001","1012","1017","2404","2406"]},"geometry":{"type":"Polygon","coordinates":[[[18.768,51.065],[18.863,51.073],[18.919,51.098],[19.104,51.026],[19.124,51],[19.207,50.986],[19.256,51.006],[19.243,51.037],[19.205,51.054],[19.279,51.131],[19.239,51.175],[19.313,51.184],[19.188,51.249],[19.11,51.253],[19.089,51.297],[18.866,51.281],[18.798,51.251],[18.779,51.165],[18.754,51.12],[18.768,51.065]]]}},{"type":"Feature","properties":{"k":"0613","n":"parczewski","s":["0601","0608","0610","0615","0619"]},"geometry":{"type":"Polygon","coordinates":[[[22.981,51.424],[23.064,51.422],[23.091,51.462],[23.177,51.459],[23.216,51.514],[23.155,51.556],[23.202,51.614],[23.321,51.657],[23.288,51.696],[23.231,51.714],[23.172,51.705],[23.115,51.753],[23.023,51.78],[22.944,51.791],[22.912,51.745],[22.822,51.733],[22.774,51.677],[22.724,51.677],[22.677,51.593],[22.785,51.561],[22.785,51.521],[22.88,51.529],[22.915,51.554],[23.019,51.501],[22.973,51.47],[22.981,51.424]]]}},{"type":"Feature","properties":{"k":"1418","n":"piaseczyński","s":["1405","1406","1417","1421","1465"]},"geometry":{"type":"Polygon","coordinates":[[[21.165,52.145],[21.08,52.098],[20.986,52.118],[20.928,52.12],[20.81,52.052],[20.772,52.001],[20.695,51.979],[20.686,51.955],[20.729,51.944],[20.802,51.958],[20.861,51.929],[20.927,51.934],[20.984,51.912],[21.087,51.94],[21.184,51.928],[21.239,51.902],[21.279,51.964],[21.222,52.004],[21.208,52.104],[21.165,52.145]]]}},{"type":"Feature","properties":{"k":"2471","n":"Piekary Śląskie","s":["2401","2413","2462","2463","2474"]},"geometry":{"type":"Polygon","coordinates":[[[18.971,50.413],[18.929,50.421],[18.915,50.372],[18.959,50.335],[18.985,50.336],[19.042,50.349],[18.963,50.374],[18.971,50.413]]]}},{"type":"Feature","properties":{"k":"3019","n":"pilski","s":["0410","0413","3001","3002","3028","3031","3217"]},"geometry":{"type":"Polygon","coordinates":[[[17.324,53.078],[17.357,53.087],[17.39,53.144],[17.342,53.159],[17.332,53.218],[17.409,53.228],[17.439,53.268],[17.354,53.334],[17.257,53.363],[17.261,53.327],[17.142,53.262],[17.14,53.238],[16.996,53.234],[16.914,53.205],[16.914,53.179],[16.787,53.188],[16.815,53.234],[16.782,53.29],[16.715,53.299],[16.65,53.277],[16.621,53.234],[16.559,53.229],[16.501,53.173],[16.391,53.131],[16.495,53.115],[16.58,53.121],[16.609,53.107],[16.695,53.13],[16.659,53.063],[16.649,52.957],[16.701,52.953],[16.738,52.98],[16.808,53.053],[16.951,53.053],[17.206,53.09],[17.289,53.084],[17.324,53.078]]]}},{"type":"Feature","properties":{"k":"2608","n":"pińczowski","s":["1208","2601","2602","2603","2604"]},"geometry":{"type":"Polygon","coordinates":[[[20.305,50.336],[20.388,50.36],[20.432,50.354],[20.501,50.387],[20.543,50.339],[20.627,50.331],[20.652,50.375],[20.617,50.452],[20.684,50.546],[20.631,50.587],[20.659,50.615],[20.627,50.67],[20.584,50.668],[20.509,50.638],[20.5,50.568],[20.459,50.537],[20.366,50.548],[20.33,50.502],[20.369,50.489],[20.322,50.45],[20.273,50.47],[20.264,50.43],[20.321,50.385],[20.305,50.336]]]}},{"type":"Feature","properties":{"k":"1010","n":"piotrkowski","s":["1001","1006","1007","1008","1012","1016","1062"]},"geometry":{"type":"Polygon","coordinates":[[[19.993,51.184],[19.992,51.221],[20.064,51.247],[20.049,51.294],[19.987,51.334],[19.866,51.378],[19.863,51.401],[19.926,51.424],[19.96,51.453],[19.919,51.482],[19.889,51.544],[19.822,51.543],[19.713,51.572],[19.708,51.63],[19.664,51.649],[19.616,51.59],[19.598,51.515],[19.541,51.513],[19.468,51.543],[19.414,51.525],[19.455,51.505],[19.46,51.453],[19.499,51.362],[19.488,51.308],[19.46,51.286],[19.526,51.269],[19.538,51.223],[19.585,51.162],[19.698,51.163],[19.756,51.141],[19.827,51.139],[19.905,51.109],[19.903,51.16],[19.965,51.202],[19.993,51.184]],[[19.701,51.376],[19.634,51.386],[19.659,51.442],[19.741,51.444],[19.744,51.379],[19.701,51.376]]]}},{"type":"Feature","properties":{"k":"1062","n":"Piotrków Trybunalski","s":["1010"]},"geometry":{"type":"Polygon","coordinates":[[[19.701,51.376],[19.744,51.379],[19.741,51.444],[19.659,51.442],[19.634,51.386],[19.701,51.376]]]}},{"type":"Feature","properties":{"k":"2816","n":"piski","s":["1415","2004","2006","2805","2806","2810","2817"]},"geometry":{"type":"Polygon","coordinates":[[[22.136,53.545],[22.306,53.627],[22.179,53.67],[22.223,53.711],[22.191,53.764],[22.118,53.798],[22.06,53.86],[22.009,53.879],[21.95,53.859],[21.898,53.893],[21.851,53.88],[21.744,53.892],[21.712,53.863],[21.733,53.825],[21.68,53.722],[21.615,53.765],[21.52,53.724],[21.462,53.722],[21.476,53.632],[21.422,53.638],[21.456,53.509],[21.552,53.478],[21.613,53.481],[21.687,53.493],[21.791,53.479],[21.858,53.459],[21.902,53.493],[21.99,53.522],[22.136,53.545]]]}},{"type":"Feature","properties":{"k":"3020","n":"pleszewski","s":["3006","3007","3010","3012","3017","3023","3030","3061"]},"geometry":{"type":"Polygon","coordinates":[[[17.647,51.796],[17.731,51.816],[17.75,51.79],[17.817,51.799],[18.01,51.76],[18.043,51.78],[18.015,51.801],[17.934,51.936],[17.98,51.959],[17.947,52],[17.98,52.048],[17.935,52.091],[17.853,52.073],[17.824,52.088],[17.697,52.063],[17.704,51.949],[17.677,51.902],[17.611,51.893],[17.514,51.901],[17.53,51.839],[17.604,51.82],[17.647,51.796]]]}},{"type":"Feature","properties":{"k":"1462","n":"Płock","s":["1419"]},"geometry":{"type":"Polygon","coordinates":[[[19.729,52.521],[19.73,52.582],[19.651,52.597],[19.631,52.553],[19.638,52.503],[19.696,52.474],[19.729,52.521]]]}},{"type":"Feature","properties":{"k":"1419","n":"płocki","s":["0408","0418","1404","1420","1427","1428","1462"]},"geometry":{"type":"Polygon","coordinates":[[[19.964,52.781],[19.776,52.695],[19.64,52.679],[19.526,52.704],[19.441,52.723],[19.43,52.672],[19.371,52.625],[19.425,52.611],[19.378,52.569],[19.359,52.522],[19.396,52.513],[19.5,52.526],[19.559,52.483],[19.562,52.406],[19.633,52.416],[19.689,52.355],[19.779,52.35],[19.812,52.392],[19.942,52.342],[19.983,52.338],[20.02,52.383],[20.16,52.38],[20.251,52.388],[20.231,52.435],[20.247,52.469],[20.226,52.513],[20.148,52.616],[20.162,52.672],[20.111,52.668],[20.047,52.704],[20.06,52.737],[20.026,52.772],[19.964,52.781]],[[19.729,52.521],[19.696,52.474],[19.638,52.503],[19.631,52.553],[19.651,52.597],[19.73,52.582],[19.729,52.521]]]}},{"type":"Feature","properties":{"k":"1420","n":"płoński","s":["1402","1413","1414","1419","1424","1427","1428","1437"]},"geometry":{"type":"Polygon","coordinates":[[[20.251,52.388],[20.405,52.384],[20.498,52.422],[20.487,52.441],[20.573,52.465],[20.609,52.568],[20.715,52.617],[20.696,52.676],[20.728,52.705],[20.658,52.711],[20.611,52.734],[20.542,52.707],[20.466,52.732],[20.402,52.73],[20.315,52.769],[20.218,52.795],[20.215,52.824],[20.264,52.848],[20.188,52.896],[20.147,52.886],[20.127,52.826],[20.088,52.836],[19.992,52.828],[19.964,52.781],[20.026,52.772],[20.06,52.737],[20.047,52.704],[20.111,52.668],[20.162,52.672],[20.148,52.616],[20.226,52.513],[20.247,52.469],[20.231,52.435],[20.251,52.388]]]}},{"type":"Feature","properties":{"k":"1011","n":"poddębicki","s":["1003","1004","1008","1014","1019","1020","3009","3027"]},"geometry":{"type":"Polygon","coordinates":[[[19.129,52.001],[18.962,52.025],[18.917,52.001],[18.828,52.064],[18.718,52.066],[18.743,51.937],[18.768,51.928],[18.686,51.821],[18.655,51.747],[18.734,51.735],[18.764,51.75],[18.84,51.727],[18.902,51.755],[18.969,51.744],[19.047,51.767],[19.056,51.778],[18.999,51.82],[19.139,51.825],[19.157,51.872],[19.136,51.928],[19.152,51.965],[19.129,52.001]]]}},{"type":"Feature","properties":{"k":"3211","n":"policki","s":["3204","3206","3262","3263"]},"geometry":{"type":"Polygon","coordinates":[[[14.554,53.354],[14.492,53.394],[14.465,53.497],[14.563,53.497],[14.571,53.538],[14.635,53.534],[14.602,53.559],[14.561,53.65],[14.498,53.704],[14.381,53.769],[14.274,53.785],[14.267,53.699],[14.284,53.634],[14.317,53.618],[14.303,53.553],[14.371,53.456],[14.373,53.409],[14.445,53.274],[14.471,53.315],[14.554,53.354]]]}},{"type":"Feature","properties":{"k":"0216","n":"polkowicki","s":["0201","0203","0209","0211","0810"]},"geometry":{"type":"Polygon","coordinates":[[[16.014,51.328],[16.071,51.355],[16.109,51.401],[16.071,51.438],[16.089,51.465],[16.186,51.457],[16.178,51.49],[16.244,51.522],[16.268,51.566],[16.328,51.598],[16.304,51.613],[16.086,51.611],[16.07,51.556],[15.985,51.561],[15.972,51.61],[15.913,51.672],[15.85,51.665],[15.816,51.603],[15.713,51.543],[15.714,51.517],[15.808,51.503],[15.817,51.409],[15.84,51.384],[16.014,51.328]]]}},{"type":"Feature","properties":{"k":"3064","n":"Poznań","s":["3021"]},"geometry":{"type":"Polygon","coordinates":[[[16.779,52.459],[16.795,52.411],[16.834,52.37],[16.903,52.355],[16.948,52.311],[17.059,52.358],[17.019,52.448],[16.971,52.503],[16.888,52.495],[16.896,52.465],[16.779,52.459]]]}},{"type":"Feature","properties":{"k":"3021","n":"poznański","s":["3003","3005","3011","3015","3016","3024","3025","3026","3028","3030","3064"]},"geometry":{"type":"Polygon","coordinates":[[[16.801,52.177],[16.894,52.198],[17.035,52.163],[17.098,52.184],[17.178,52.228],[17.183,52.257],[17.241,52.308],[17.369,52.345],[17.382,52.419],[17.398,52.44],[17.356,52.526],[17.316,52.545],[17.219,52.542],[17.151,52.574],[17.033,52.676],[16.918,52.635],[16.897,52.584],[16.73,52.566],[16.705,52.532],[16.65,52.53],[16.584,52.398],[16.461,52.377],[16.513,52.27],[16.572,52.284],[16.603,52.171],[16.684,52.209],[16.741,52.216],[16.801,52.177]],[[16.779,52.459],[16.896,52.465],[16.888,52.495],[16.971,52.503],[17.019,52.448],[17.059,52.358],[16.948,52.311],[16.903,52.355],[16.834,52.37],[16.795,52.411],[16.779,52.459]]]}},{"type":"Feature","properties":{"k":"1214","n":"proszowicki","s":["1201","1202","1206","1208","1216","1261","2603"]},"geometry":{"type":"Polygon","coordinates":[[[20.682,50.206],[20.633,50.21],[20.512,50.189],[20.416,50.191],[20.333,50.268],[20.328,50.319],[20.293,50.322],[20.177,50.29],[20.138,50.271],[20.163,50.228],[20.176,50.15],[20.201,50.12],[20.209,50.116],[20.329,50.144],[20.354,50.117],[20.443,50.143],[20.511,50.139],[20.58,50.142],[20.682,50.201],[20.682,50.206]]]}},{"type":"Feature","properties":{"k":"1610","n":"prudnicki","s":["1602","1603","1605","1607","1609"]},"geometry":{"type":"Polygon","coordinates":[[[17.919,50.265],[17.937,50.315],[18.028,50.326],[18.032,50.346],[17.946,50.359],[17.762,50.439],[17.758,50.486],[17.814,50.53],[17.763,50.555],[17.675,50.484],[17.67,50.457],[17.545,50.396],[17.479,50.396],[17.455,50.368],[17.452,50.298],[17.505,50.275],[17.573,50.275],[17.587,50.278],[17.598,50.274],[17.599,50.27],[17.689,50.302],[17.751,50.3],[17.752,50.3],[17.818,50.319],[17.837,50.289],[17.919,50.265]]]}},{"type":"Feature","properties":{"k":"1421","n":"pruszkowski","s":["1405","1418","1432","1465"]},"geometry":{"type":"Polygon","coordinates":[[[20.853,52.197],[20.699,52.19],[20.631,52.165],[20.748,52.127],[20.723,52.047],[20.772,52.001],[20.81,52.052],[20.928,52.12],[20.986,52.118],[20.985,52.139],[20.853,52.197]]]}},{"type":"Feature","properties":{"k":"1422","n":"przasnyski","s":["1402","1411","1413","1415","2811","2817"]},"geometry":{"type":"Polygon","coordinates":[[[21.054,53.334],[20.992,53.361],[20.914,53.348],[20.917,53.322],[20.847,53.293],[20.792,53.31],[20.752,53.313],[20.676,53.27],[20.72,53.183],[20.703,53.124],[20.665,53.087],[20.699,52.988],[20.783,52.977],[20.792,52.943],[20.862,52.87],[20.941,52.876],[21.005,52.906],[21.039,52.945],[21.002,52.993],[21.011,53.054],[21.086,53.108],[21.182,53.115],[21.214,53.133],[21.147,53.174],[21.177,53.195],[21.155,53.258],[21.202,53.278],[21.054,53.334]]]}},{"type":"Feature","properties":{"k":"1813","n":"przemyski","s":["1801","1802","1804","1814","1816","1817","1862"]},"geometry":{"type":"Polygon","coordinates":[[[22.686,49.573],[22.848,49.71],[22.971,49.839],[22.996,49.842],[23.093,49.929],[22.96,49.949],[22.956,49.924],[22.894,49.888],[22.836,49.906],[22.782,49.895],[22.756,49.92],[22.672,49.898],[22.664,49.866],[22.592,49.837],[22.48,49.849],[22.418,49.888],[22.299,49.873],[22.295,49.796],[22.336,49.767],[22.295,49.745],[22.26,49.712],[22.327,49.686],[22.428,49.593],[22.463,49.59],[22.584,49.67],[22.604,49.617],[22.686,49.573]],[[22.764,49.808],[22.849,49.784],[22.775,49.746],[22.722,49.782],[22.764,49.808]]]}},{"type":"Feature","properties":{"k":"2603","n":"kazimierski","s":["1204","1208","1214","1216","2601","2608"]},"geometry":{"type":"Polygon","coordinates":[[[20.293,50.322],[20.328,50.319],[20.333,50.268],[20.416,50.191],[20.512,50.189],[20.633,50.21],[20.682,50.206],[20.728,50.243],[20.775,50.278],[20.688,50.29],[20.627,50.331],[20.543,50.339],[20.501,50.387],[20.432,50.354],[20.388,50.36],[20.305,50.336],[20.293,50.322]]]}},{"type":"Feature","properties":{"k":"1603","n":"kędzierzyńsko-kozielski","s":["1602","1605","1610","1611","2405","2411"]},"geometry":{"type":"Polygon","coordinates":[[[18.06,50.175],[18.249,50.193],[18.237,50.214],[18.377,50.254],[18.426,50.249],[18.358,50.357],[18.276,50.387],[18.189,50.377],[18.154,50.387],[18.09,50.411],[18.035,50.386],[18.032,50.346],[18.028,50.326],[17.937,50.315],[17.919,50.265],[17.927,50.211],[17.972,50.186],[18.06,50.175]]]}},{"type":"Feature","properties":{"k":"3008","n":"kępiński","s":["0214","1018","1604","1606","3018"]},"geometry":{"type":"Polygon","coordinates":[[[17.94,51.109],[18.039,51.131],[18.164,51.173],[18.18,51.222],[18.126,51.269],[18.092,51.326],[18.099,51.362],[18.048,51.393],[17.96,51.339],[17.906,51.349],[17.835,51.331],[17.824,51.294],[17.761,51.31],[17.743,51.255],[17.795,51.194],[17.851,51.172],[17.82,51.121],[17.94,51.109]]]}},{"type":"Feature","properties":{"k":"2808","n":"kętrzyński","s":["2801","2806","2810","2814","2819"]},"geometry":{"type":"Polygon","coordinates":[[[21.128,53.939],[21.181,53.938],[21.233,53.97],[21.313,53.995],[21.384,53.996],[21.459,53.96],[21.552,53.997],[21.562,54.081],[21.534,54.129],[21.574,54.146],[21.595,54.196],[21.538,54.262],[21.559,54.323],[21.221,54.335],[21.167,54.296],[21.179,54.26],[21.058,54.259],[21.025,54.124],[21.057,54.128],[21.082,54.037],[21.086,53.998],[21.128,53.939]]]}},{"type":"Feature","properties":{"k":"2661","n":"Kielce","s":["2604"]},"geometry":{"type":"Polygon","coordinates":[[[20.677,50.863],[20.66,50.903],[20.55,50.902],[20.516,50.841],[20.553,50.813],[20.645,50.807],[20.677,50.863]]]}},{"type":"Feature","properties":{"k":"2604","n":"kielecki","s":["2601","2602","2605","2606","2607","2608","2610","2611","2612","2613","2661"]},"geometry":{"type":"Polygon","coordinates":[[[20.684,50.546],[20.727,50.567],[20.775,50.537],[20.827,50.634],[20.874,50.636],[20.878,50.661],[20.997,50.669],[21.067,50.63],[21.158,50.647],[21.162,50.692],[21.146,50.699],[21.17,50.75],[21.136,50.764],[21.133,50.822],[21.138,50.889],[21.158,50.908],[21.055,50.896],[20.994,50.92],[21.018,50.969],[20.913,51.032],[20.839,50.996],[20.828,50.963],[20.764,50.95],[20.74,51.009],[20.686,51.011],[20.605,51.051],[20.452,51.053],[20.348,51.009],[20.193,50.975],[20.118,50.985],[20.129,50.942],[20.204,50.921],[20.25,50.865],[20.308,50.848],[20.323,50.799],[20.382,50.783],[20.419,50.747],[20.463,50.742],[20.584,50.668],[20.627,50.67],[20.659,50.615],[20.631,50.587],[20.684,50.546]],[[20.677,50.863],[20.645,50.807],[20.553,50.813],[20.516,50.841],[20.55,50.902],[20.66,50.903],[20.677,50.863]]]}},{"type":"Feature","properties":{"k":"1604","n":"kluczborski","s":["1018","1606","1608","1609","3008"]},"geometry":{"type":"Polygon","coordinates":[[[18.23,50.797],[18.266,50.815],[18.351,50.811],[18.36,50.851],[18.331,50.909],[18.381,50.954],[18.308,51.041],[18.346,51.061],[18.315,51.134],[18.26,51.158],[18.164,51.173],[18.039,51.131],[17.94,51.109],[17.953,51.058],[17.924,51.013],[17.938,50.981],[18.012,50.964],[18.106,50.895],[18.092,50.848],[18.13,50.83],[18.194,50.834],[18.23,50.797]]]}},{"type":"Feature","properties":{"k":"2406","n":"kłobucki","s":["1009","1017","1608","2404","2407","2464"]},"geometry":{"type":"Polygon","coordinates":[[[19.029,50.823],[19.089,50.866],[19.064,50.916],[19.077,50.964],[19.124,51],[19.104,51.026],[18.919,51.098],[18.863,51.073],[18.768,51.065],[18.673,51.057],[18.695,51.016],[18.664,50.971],[18.612,50.955],[18.655,50.915],[18.616,50.854],[18.644,50.824],[18.732,50.792],[18.805,50.798],[18.849,50.766],[18.899,50.818],[18.972,50.812],[19.029,50.823]]]}},{"type":"Feature","properties":{"k":"0208","n":"kłodzki","s":["0202","0221","0224"]},"geometry":{"type":"Polygon","coordinates":[[[16.86,50.408],[16.808,50.4],[16.708,50.476],[16.676,50.53],[16.626,50.561],[16.583,50.628],[16.48,50.681],[16.442,50.647],[16.378,50.637],[16.445,50.58],[16.403,50.566],[16.402,50.53],[16.344,50.496],[16.269,50.483],[16.199,50.442],[16.268,50.379],[16.361,50.38],[16.399,50.319],[16.43,50.325],[16.481,50.272],[16.557,50.22],[16.561,50.164],[16.641,50.112],[16.704,50.096],[16.783,50.146],[16.81,50.189],[16.898,50.222],[16.999,50.216],[17.02,50.278],[16.941,50.32],[16.908,50.391],[16.86,50.408]]]}},{"type":"Feature","properties":{"k":"1806","n":"kolbuszowski","s":["1811","1812","1815","1816","1818","1820"]},"geometry":{"type":"Polygon","coordinates":[[[21.984,50.367],[21.919,50.415],[21.881,50.392],[21.852,50.462],[21.882,50.473],[21.776,50.449],[21.797,50.406],[21.757,50.388],[21.671,50.437],[21.637,50.39],[21.599,50.387],[21.638,50.343],[21.567,50.332],[21.556,50.276],[21.61,50.25],[21.603,50.209],[21.636,50.182],[21.695,50.179],[21.803,50.151],[21.935,50.201],[21.92,50.236],[22.009,50.232],[22.04,50.231],[22.097,50.273],[22.086,50.308],[22.006,50.309],[21.984,50.367]]]}},{"type":"Feature","properties":{"k":"2006","n":"kolneński","s":["1415","2004","2007","2816"]},"geometry":{"type":"Polygon","coordinates":[[[21.735,53.313],[21.804,53.335],[21.877,53.319],[21.891,53.276],[21.986,53.239],[22.022,53.273],[22.115,53.264],[22.153,53.307],[22.245,53.307],[22.236,53.369],[22.279,53.438],[22.231,53.441],[22.265,53.501],[22.241,53.536],[22.186,53.51],[22.136,53.545],[21.99,53.522],[21.902,53.493],[21.858,53.459],[21.791,53.479],[21.687,53.493],[21.613,53.481],[21.607,53.436],[21.684,53.368],[21.654,53.35],[21.735,53.313]]]}},{"type":"Feature","properties":{"k":"3009","n":"kolski","s":["0411","0418","1002","1004","1011","3010","3027"]},"geometry":{"type":"Polygon","coordinates":[[[18.828,52.064],[18.859,52.087],[18.925,52.079],[18.95,52.119],[18.911,52.133],[18.931,52.199],[19.02,52.215],[19.078,52.2],[19.095,52.271],[19.05,52.273],[19.047,52.333],[18.941,52.392],[18.913,52.366],[18.814,52.352],[18.754,52.361],[18.685,52.428],[18.658,52.424],[18.6,52.417],[18.616,52.367],[18.59,52.315],[18.485,52.297],[18.528,52.239],[18.46,52.204],[18.465,52.171],[18.527,52.137],[18.631,52.121],[18.686,52.128],[18.718,52.066],[18.828,52.064]]]}},{"type":"Feature","properties":{"k":"3208","n":"kołobrzeski","s":["3201","3205","3209","3216","3218"]},"geometry":{"type":"Polygon","coordinates":[[[15.791,54.228],[15.522,54.175],[15.388,54.16],[15.355,54.086],[15.438,54.074],[15.455,54.048],[15.421,54.015],[15.434,53.918],[15.479,53.877],[15.531,53.874],[15.55,53.903],[15.645,53.964],[15.726,53.964],[15.72,53.991],[15.749,54.077],[15.792,54.068],[15.843,54.097],[15.88,54.146],[15.847,54.147],[15.791,54.228]]]}},{"type":"Feature","properties":{"k":"2605","n":"konecki","s":["1007","1012","1423","1430","2604","2610","2613"]},"geometry":{"type":"Polygon","coordinates":[[[20.118,50.985],[20.193,50.975],[20.348,51.009],[20.452,51.053],[20.605,51.051],[20.686,51.151],[20.7,51.196],[20.611,51.243],[20.546,51.23],[20.493,51.307],[20.433,51.339],[20.364,51.308],[20.39,51.272],[20.278,51.244],[20.252,51.207],[20.12,51.189],[20.026,51.2],[19.994,51.184],[19.982,51.073],[20.045,51.069],[20.04,50.99],[20.118,50.985]]]}},{"type":"Feature","properties":{"k":"3062","n":"Konin","s":["3010"]},"geometry":{"type":"Polygon","coordinates":[[[18.232,52.19],[18.266,52.188],[18.324,52.245],[18.292,52.266],[18.307,52.317],[18.227,52.329],[18.253,52.257],[18.193,52.234],[18.232,52.19]]]}},{"type":"Feature","properties":{"k":"3010","n":"koniński","s":["0407","0409","0411","3007","3009","3020","3023","3027","3062"]},"geometry":{"type":"Polygon","coordinates":[[[18.238,52.1],[18.329,52.123],[18.465,52.171],[18.46,52.204],[18.528,52.239],[18.485,52.297],[18.59,52.315],[18.616,52.367],[18.6,52.417],[18.658,52.424],[18.65,52.45],[18.572,52.465],[18.527,52.499],[18.464,52.477],[18.384,52.477],[18.377,52.538],[18.352,52.543],[18.346,52.524],[18.257,52.484],[18.133,52.506],[18.026,52.45],[18.09,52.384],[18.052,52.331],[18.016,52.228],[18.025,52.173],[17.984,52.146],[18.029,52.116],[17.935,52.091],[17.98,52.048],[17.947,52],[18.061,51.98],[18.168,51.986],[18.229,52.039],[18.238,52.1]],[[18.232,52.19],[18.193,52.234],[18.253,52.257],[18.227,52.329],[18.307,52.317],[18.292,52.266],[18.324,52.245],[18.266,52.188],[18.232,52.19]]]}},{"type":"Feature","properties":{"k":"3261","n":"Koszalin","s":["3209"]},"geometry":{"type":"Polygon","coordinates":[[[16.321,54.206],[16.215,54.227],[16.19,54.274],[16.11,54.222],[16.134,54.171],[16.219,54.142],[16.292,54.173],[16.321,54.206]]]}},{"type":"Feature","properties":{"k":"3209","n":"koszaliński","s":["2201","2212","3201","3208","3213","3215","3261"]},"geometry":{"type":"Polygon","coordinates":[[[16.441,53.904],[16.478,53.91],[16.58,53.887],[16.682,53.89],[16.719,53.953],[16.793,53.986],[16.793,54.085],[16.774,54.154],[16.734,54.177],[16.732,54.232],[16.68,54.213],[16.57,54.22],[16.401,54.26],[16.336,54.287],[16.276,54.334],[16.214,54.321],[16.053,54.263],[15.865,54.244],[15.791,54.228],[15.847,54.147],[15.88,54.146],[15.936,54.106],[15.911,54.077],[16.003,54.073],[16.077,54.112],[16.122,54.058],[16.245,54.022],[16.347,54.009],[16.431,53.967],[16.441,53.904]],[[16.321,54.206],[16.292,54.173],[16.219,54.142],[16.134,54.171],[16.11,54.222],[16.19,54.274],[16.215,54.227],[16.321,54.206]]]}},{"type":"Feature","properties":{"k":"3011","n":"kościański","s":["3004","3005","3013","3021","3026","3029"]},"geometry":{"type":"Polygon","coordinates":[[[16.603,52.171],[16.567,52.123],[16.466,52.082],[16.447,52.034],[16.426,51.974],[16.494,51.944],[16.701,51.967],[16.86,51.927],[17.01,51.965],[17.005,51.98],[16.876,52.067],[16.858,52.115],[16.79,52.141],[16.801,52.177],[16.741,52.216],[16.684,52.209],[16.603,52.171]]]}},{"type":"Feature","properties":{"k":"2206","n":"kościerski","s":["2201","2202","2204","2205","2213"]},"geometry":{"type":"Polygon","coordinates":[[[18.223,54.188],[18.114,54.202],[18.062,54.181],[17.908,54.174],[17.863,54.191],[17.8,54.178],[17.722,54.127],[17.734,54.107],[17.67,54.068],[17.647,54.026],[17.724,54.002],[17.751,53.96],[17.87,53.886],[17.878,53.855],[18.106,53.926],[18.162,53.96],[18.218,53.942],[18.303,53.965],[18.278,53.997],[18.295,54.036],[18.356,54.058],[18.327,54.141],[18.235,54.167],[18.223,54.188]]]}},{"type":"Feature","properties":{"k":"0862","n":"Zielona Góra","s":["0804","0809"]},"geometry":{"type":"Polygon","coordinates":[[[15.466,51.827],[15.508,51.82],[15.637,51.864],[15.638,51.905],[15.607,51.948],[15.637,52.006],[15.582,52.034],[15.439,52.013],[15.406,51.95],[15.454,51.936],[15.422,51.849],[15.466,51.827]]]}},{"type":"Feature","properties":{"k":"0809","n":"zielonogórski","s":["0802","0804","0808","0810","0811","0862","3015","3029"]},"geometry":{"type":"Polygon","coordinates":[[[15.466,51.827],[15.422,51.849],[15.454,51.936],[15.406,51.95],[15.439,52.013],[15.582,52.034],[15.637,52.006],[15.607,51.948],[15.638,51.905],[15.8,51.888],[15.868,51.922],[15.846,51.939],[15.931,51.98],[15.966,52.027],[15.988,52.067],[15.925,52.068],[15.833,52.111],[15.875,52.131],[15.861,52.183],[15.85,52.213],[15.737,52.192],[15.722,52.169],[15.607,52.164],[15.591,52.138],[15.481,52.101],[15.306,52.131],[15.257,52.085],[15.293,51.962],[15.211,51.901],[15.107,51.863],[15.153,51.847],[15.17,51.807],[15.136,51.758],[15.233,51.741],[15.298,51.754],[15.346,51.737],[15.442,51.782],[15.466,51.827]]]}},{"type":"Feature","properties":{"k":"0226","n":"złotoryjski","s":["0201","0205","0206","0209","0212"]},"geometry":{"type":"Polygon","coordinates":[[[16.048,51.115],[16.025,51.149],[16.062,51.197],[16.038,51.227],[15.953,51.205],[15.905,51.246],[15.808,51.262],[15.753,51.219],[15.74,51.171],[15.698,51.159],[15.763,51.054],[15.738,51.011],[15.822,50.98],[15.832,50.94],[15.88,50.945],[15.933,50.924],[15.976,50.948],[16.001,50.991],[15.933,51.061],[16.01,51.079],[16.048,51.115]]]}},{"type":"Feature","properties":{"k":"3031","n":"złotowski","s":["0413","2203","3019","3203","3215","3217"]},"geometry":{"type":"Polygon","coordinates":[[[17.391,53.491],[17.351,53.494],[17.266,53.537],[17.161,53.528],[17.09,53.543],[17.012,53.52],[16.949,53.55],[16.893,53.629],[16.892,53.656],[16.76,53.618],[16.721,53.526],[16.646,53.485],[16.49,53.47],[16.454,53.489],[16.44,53.459],[16.475,53.388],[16.624,53.346],[16.715,53.299],[16.782,53.29],[16.815,53.234],[16.787,53.188],[16.914,53.179],[16.914,53.205],[16.996,53.234],[17.14,53.238],[17.142,53.262],[17.261,53.327],[17.257,53.363],[17.295,53.422],[17.383,53.469],[17.391,53.491]]]}},{"type":"Feature","properties":{"k":"1436","n":"zwoleński","s":["0612","0614","1407","1409","1425"]},"geometry":{"type":"Polygon","coordinates":[[[21.416,51.221],[21.452,51.221],[21.482,51.268],[21.632,51.274],[21.695,51.297],[21.822,51.263],[21.86,51.275],[21.812,51.292],[21.848,51.365],[21.802,51.378],[21.788,51.42],[21.693,51.472],[21.607,51.473],[21.55,51.445],[21.564,51.425],[21.471,51.402],[21.432,51.354],[21.355,51.328],[21.367,51.297],[21.335,51.229],[21.416,51.221]]]}},{"type":"Feature","properties":{"k":"0810","n":"żagański","s":["0201","0203","0216","0225","0804","0809","0811"]},"geometry":{"type":"Polygon","coordinates":[[[15.714,51.517],[15.713,51.543],[15.816,51.603],[15.85,51.665],[15.834,51.672],[15.729,51.645],[15.699,51.66],[15.6,51.67],[15.442,51.782],[15.346,51.737],[15.298,51.754],[15.233,51.741],[15.27,51.669],[15.254,51.604],[15.166,51.581],[15.17,51.55],[15.03,51.55],[14.993,51.483],[15.049,51.482],[15.047,51.436],[15.086,51.426],[15.151,51.442],[15.252,51.449],[15.276,51.43],[15.325,51.419],[15.339,51.474],[15.382,51.512],[15.488,51.528],[15.595,51.47],[15.655,51.472],[15.714,51.517]]]}},{"type":"Feature","properties":{"k":"0811","n":"żarski","s":["0225","0802","0809","0810"]},"geometry":{"type":"Polygon","coordinates":[[[15.086,51.426],[15.047,51.436],[15.049,51.482],[14.993,51.483],[15.03,51.55],[15.17,51.55],[15.166,51.581],[15.254,51.604],[15.27,51.669],[15.233,51.741],[15.136,51.758],[15.17,51.807],[15.153,51.847],[15.107,51.863],[15.015,51.888],[14.95,51.889],[14.858,51.85],[14.762,51.858],[14.731,51.816],[14.65,51.787],[14.668,51.726],[14.747,51.676],[14.765,51.608],[14.711,51.563],[14.729,51.531],[14.853,51.489],[14.922,51.482],[14.974,51.442],[14.959,51.411],[14.974,51.364],[15.086,51.426]]]}},{"type":"Feature","properties":{"k":"0419","n":"żniński","s":["0403","0407","0409","0410","3003","3028"]},"geometry":{"type":"Polygon","coordinates":[[[17.787,52.652],[17.802,52.692],[17.87,52.739],[17.917,52.748],[17.886,52.821],[17.937,52.842],[17.996,52.797],[18.053,52.806],[18.071,52.849],[18.033,52.908],[17.968,52.924],[18.009,52.963],[17.963,53.032],[17.878,53.043],[17.849,53.026],[17.853,52.978],[17.809,52.941],[17.726,52.917],[17.614,52.917],[17.562,52.895],[17.513,52.909],[17.527,52.858],[17.503,52.787],[17.416,52.784],[17.459,52.739],[17.472,52.686],[17.517,52.674],[17.615,52.703],[17.69,52.602],[17.787,52.652]]]}},{"type":"Feature","properties":{"k":"2479","n":"Żory","s":["2408","2410","2412","2467","2473"]},"geometry":{"type":"Polygon","coordinates":[[[18.657,50.081],[18.612,50.043],[18.611,50.018],[18.68,50.005],[18.774,50.001],[18.754,50.054],[18.726,50.066],[18.657,50.081]]]}},{"type":"Feature","properties":{"k":"1437","n":"żuromiński","s":["0402","0412","1413","1420","1427","2803"]},"geometry":{"type":"Polygon","coordinates":[[[19.685,52.963],[19.77,52.959],[19.817,52.921],[19.933,52.901],[19.992,52.828],[20.088,52.836],[20.127,52.826],[20.147,52.886],[20.093,52.894],[20.033,52.929],[20.037,52.968],[20.043,53.033],[20.086,53.052],[20.135,53.143],[20.104,53.168],[19.978,53.144],[19.907,53.177],[19.883,53.209],[19.762,53.152],[19.647,53.112],[19.646,53.054],[19.684,53.019],[19.685,52.963]]]}},{"type":"Feature","properties":{"k":"1438","n":"żyrardowski","s":["1013","1015","1405","1406","1428"]},"geometry":{"type":"Polygon","coordinates":[[[20.658,51.926],[20.598,51.974],[20.621,52.048],[20.523,52.051],[20.444,52.084],[20.411,52.14],[20.348,52.131],[20.268,52.146],[20.252,52.117],[20.27,52.077],[20.206,52.028],[20.272,51.971],[20.241,51.951],[20.354,51.92],[20.439,51.944],[20.519,51.892],[20.569,51.888],[20.605,51.85],[20.643,51.852],[20.658,51.926]]]}},{"type":"Feature","properties":{"k":"2417","n":"żywiecki","s":["1215","1218","2402","2403"]},"geometry":{"type":"Polygon","coordinates":[[[18.947,49.517],[18.972,49.504],[18.961,49.455],[19.027,49.394],[19.197,49.415],[19.234,49.511],[19.264,49.532],[19.362,49.536],[19.371,49.567],[19.467,49.614],[19.478,49.661],[19.374,49.693],[19.445,49.735],[19.415,49.775],[19.317,49.778],[19.22,49.789],[19.186,49.829],[19.142,49.815],[19.117,49.707],[19.05,49.703],[19.002,49.657],[19.017,49.622],[18.984,49.587],[18.98,49.539],[18.947,49.517]]]}},{"type":"Feature","properties":{"k":"0616","n":"rycki","s":["0608","0611","0614","1403","1407"]},"geometry":{"type":"Polygon","coordinates":[[[22.193,51.66],[22.134,51.71],[22.063,51.738],[22.064,51.78],[21.956,51.794],[21.836,51.744],[21.883,51.694],[21.839,51.652],[21.714,51.635],[21.648,51.66],[21.616,51.618],[21.656,51.582],[21.833,51.548],[21.889,51.536],[22.01,51.575],[22.121,51.57],[22.188,51.584],[22.212,51.604],[22.193,51.66]]]}},{"type":"Feature","properties":{"k":"0412","n":"rypiński","s":["0402","0405","0408","1427","1437"]},"geometry":{"type":"Polygon","coordinates":[[[19.647,53.112],[19.59,53.08],[19.471,53.116],[19.373,53.106],[19.32,53.189],[19.254,53.2],[19.194,53.16],[19.227,53.094],[19.183,53.05],[19.239,53.002],[19.308,52.945],[19.4,52.929],[19.445,52.939],[19.529,52.936],[19.624,52.977],[19.685,52.963],[19.684,53.019],[19.646,53.054],[19.647,53.112]]]}},{"type":"Feature","properties":{"k":"1816","n":"rzeszowski","s":["1802","1806","1808","1810","1812","1813","1814","1815","1819","1863"]},"geometry":{"type":"Polygon","coordinates":[[[22.131,50.027],[22.168,50.083],[22.128,50.115],[22.099,50.17],[22.179,50.185],[22.198,50.234],[22.234,50.247],[22.199,50.286],[22.193,50.337],[22.102,50.355],[22.006,50.309],[22.086,50.308],[22.097,50.273],[22.04,50.231],[22.009,50.232],[21.92,50.236],[21.935,50.201],[21.803,50.151],[21.787,50.098],[21.804,50.039],[21.776,49.981],[21.748,49.969],[21.896,49.957],[21.902,49.923],[21.946,49.875],[22.02,49.838],[22.096,49.836],[22.152,49.784],[22.22,49.773],[22.295,49.745],[22.336,49.767],[22.295,49.796],[22.299,49.873],[22.265,49.875],[22.234,49.932],[22.23,49.966],[22.229,49.968],[22.131,50.027]],[[21.967,50.088],[22.037,50.068],[22.092,50.018],[22.034,49.97],[21.958,49.957],[21.921,50.056],[21.967,50.088]]]}},{"type":"Feature","properties":{"k":"1863","n":"Rzeszów","s":["1816"]},"geometry":{"type":"Polygon","coordinates":[[[21.967,50.088],[21.921,50.056],[21.958,49.957],[22.034,49.97],[22.092,50.018],[22.037,50.068],[21.967,50.088]]]}},{"type":"Feature","properties":{"k":"2609","n":"sandomierski","s":["0607","1818","1820","1864","2606","2612"]},"geometry":{"type":"Polygon","coordinates":[[[21.843,50.739],[21.864,50.803],[21.836,50.878],[21.754,50.876],[21.713,50.842],[21.719,50.781],[21.629,50.796],[21.556,50.764],[21.557,50.731],[21.49,50.705],[21.416,50.704],[21.35,50.684],[21.397,50.65],[21.395,50.609],[21.518,50.509],[21.601,50.52],[21.667,50.601],[21.748,50.655],[21.779,50.645],[21.843,50.739]]]}},{"type":"Feature","properties":{"k":"1817","n":"sanocki","s":["1801","1802","1807","1813","1821"]},"geometry":{"type":"Polygon","coordinates":[[[21.952,49.35],[22.034,49.279],[22.03,49.226],[22.193,49.174],[22.222,49.184],[22.25,49.238],[22.195,49.267],[22.188,49.299],[22.275,49.429],[22.283,49.485],[22.35,49.55],[22.423,49.554],[22.428,49.593],[22.327,49.686],[22.218,49.627],[22.191,49.651],[22.114,49.655],[22.075,49.638],[21.964,49.618],[21.915,49.582],[21.927,49.526],[21.973,49.455],[21.926,49.435],[21.952,49.35]]]}},{"type":"Feature","properties":{"k":"2009","n":"sejneński","s":["2001","2012"]},"geometry":{"type":"Polygon","coordinates":[[[23.512,53.916],[23.516,53.96],[23.482,53.997],[23.525,54.031],[23.529,54.066],[23.486,54.153],[23.425,54.178],[23.387,54.225],[23.338,54.252],[23.234,54.261],[23.154,54.297],[23.109,54.245],[23.153,54.198],[23.08,54.136],[23.12,54.093],[23.128,54.021],[23.08,53.962],[23.164,53.952],[23.226,53.96],[23.33,53.951],[23.394,53.908],[23.464,53.895],[23.512,53.916]]]}},{"type":"Feature","properties":{"k":"0413","n":"sępoleński","s":["0403","0410","0416","2202","2203","3019","3031"]},"geometry":{"type":"Polygon","coordinates":[[[17.702,53.286],[17.732,53.321],[17.687,53.342],[17.706,53.372],[17.771,53.402],[17.77,53.433],[17.73,53.434],[17.72,53.505],[17.677,53.501],[17.602,53.553],[17.657,53.571],[17.604,53.597],[17.543,53.581],[17.466,53.602],[17.428,53.589],[17.391,53.491],[17.383,53.469],[17.295,53.422],[17.257,53.363],[17.354,53.334],[17.439,53.268],[17.614,53.275],[17.702,53.286]]]}},{"type":"Feature","properties":{"k":"1464","n":"Siedlce","s":["1426"]},"geometry":{"type":"Polygon","coordinates":[[[22.241,52.131],[22.33,52.162],[22.264,52.196],[22.225,52.171],[22.241,52.131]]]}},{"type":"Feature","properties":{"k":"1426","n":"siedlecki","s":["0601","0611","1403","1410","1412","1429","1433","1464","2010"]},"geometry":{"type":"Polygon","coordinates":[[[22.648,52.091],[22.579,52.136],[22.59,52.181],[22.724,52.28],[22.737,52.331],[22.722,52.373],[22.563,52.411],[22.54,52.365],[22.491,52.32],[22.3,52.301],[22.116,52.313],[22.076,52.338],[22.042,52.293],[22.077,52.239],[22.049,52.21],[21.942,52.216],[21.916,52.175],[21.971,52.086],[21.87,52.036],[21.888,51.991],[21.889,51.973],[21.967,51.989],[22.051,52.021],[22.137,52.006],[22.152,52.028],[22.254,52.005],[22.286,52.02],[22.345,51.997],[22.456,52.03],[22.483,52.067],[22.623,52.019],[22.669,52.063],[22.648,52.091]],[[22.241,52.131],[22.225,52.171],[22.264,52.196],[22.33,52.162],[22.241,52.131]]]}},{"type":"Feature","properties":{"k":"2474","n":"Siemianowice Śląskie","s":["2401","2463","2469","2471"]},"geometry":{"type":"Polygon","coordinates":[[[19.001,50.296],[19.061,50.295],[19.042,50.349],[18.985,50.336],[19.001,50.296]]]}},{"type":"Feature","properties":{"k":"2010","n":"siemiatycki","s":["0601","1410","1426","1429","2003","2005","2013"]},"geometry":{"type":"Polygon","coordinates":[[[22.722,52.373],[22.753,52.384],[22.851,52.359],[22.957,52.368],[22.997,52.332],[23.038,52.329],[23.073,52.282],[23.128,52.288],[23.178,52.283],[23.314,52.427],[23.278,52.441],[23.258,52.49],[23.267,52.531],[23.193,52.543],[23.175,52.566],[23.11,52.585],[22.994,52.575],[22.936,52.592],[22.881,52.645],[22.743,52.688],[22.717,52.675],[22.698,52.631],[22.604,52.599],[22.484,52.618],[22.458,52.585],[22.527,52.521],[22.51,52.49],[22.563,52.411],[22.722,52.373]]]}},{"type":"Feature","properties":{"k":"1014","n":"sieradzki","s":["1003","1011","1017","1018","1019","3007","3018","3027"]},"geometry":{"type":"Polygon","coordinates":[[[18.686,51.821],[18.595,51.848],[18.472,51.851],[18.408,51.727],[18.364,51.682],[18.381,51.652],[18.359,51.536],[18.383,51.477],[18.326,51.42],[18.344,51.388],[18.464,51.399],[18.561,51.384],[18.663,51.359],[18.767,51.365],[18.803,51.411],[18.868,51.453],[18.863,51.489],[18.871,51.519],[18.811,51.563],[18.88,51.601],[18.82,51.657],[18.84,51.727],[18.764,51.75],[18.734,51.735],[18.655,51.747],[18.686,51.821]]]}},{"type":"Feature","properties":{"k":"1427","n":"sierpecki","s":["0408","0412","1419","1420","1437"]},"geometry":{"type":"Polygon","coordinates":[[[19.526,52.704],[19.64,52.679],[19.776,52.695],[19.964,52.781],[19.992,52.828],[19.933,52.901],[19.817,52.921],[19.77,52.959],[19.685,52.963],[19.624,52.977],[19.529,52.936],[19.445,52.939],[19.509,52.868],[19.423,52.833],[19.515,52.749],[19.526,52.704]]]}},{"type":"Feature","properties":{"k":"2610","n":"skarżyski","s":["1430","2604","2605","2611"]},"geometry":{"type":"Polygon","coordinates":[[[20.605,51.051],[20.686,51.011],[20.74,51.009],[20.764,50.95],[20.828,50.963],[20.839,50.996],[20.913,51.032],[20.956,51.074],[20.984,51.167],[20.921,51.195],[20.88,51.154],[20.813,51.146],[20.718,51.173],[20.686,51.151],[20.605,51.051]]]}},{"type":"Feature","properties":{"k":"1063","n":"Skierniewice","s":["1015"]},"geometry":{"type":"Polygon","coordinates":[[[20.201,51.974],[20.15,51.988],[20.11,51.966],[20.132,51.933],[20.184,51.931],[20.201,51.974]]]}},{"type":"Feature","properties":{"k":"1015","n":"skierniewicki","s":["1005","1013","1016","1021","1063","1428","1438"]},"geometry":{"type":"Polygon","coordinates":[[[20.116,51.74],[20.169,51.764],[20.185,51.803],[20.137,51.836],[20.215,51.851],[20.332,51.848],[20.415,51.87],[20.44,51.85],[20.519,51.892],[20.439,51.944],[20.354,51.92],[20.241,51.951],[20.272,51.971],[20.206,52.028],[20.27,52.077],[20.252,52.117],[20.202,52.115],[20.161,52.151],[20.116,52.144],[20.127,52.043],[20.005,51.984],[19.961,51.992],[19.869,51.916],[19.89,51.862],[20.014,51.827],[20.016,51.773],[20.116,51.74]],[[20.201,51.974],[20.184,51.931],[20.132,51.933],[20.11,51.966],[20.15,51.988],[20.201,51.974]]]}},{"type":"Feature","properties":{"k":"3213","n":"sławieński","s":["2212","3209"]},"geometry":{"type":"Polygon","coordinates":[[[16.732,54.232],[16.865,54.261],[16.823,54.338],[16.859,54.383],[16.841,54.438],[16.699,54.57],[16.523,54.541],[16.432,54.488],[16.323,54.392],[16.214,54.321],[16.276,54.334],[16.336,54.287],[16.401,54.26],[16.57,54.22],[16.68,54.213],[16.732,54.232]]]}},{"type":"Feature","properties":{"k":"0805","n":"słubicki","s":["0801","0802","0807"]},"geometry":{"type":"Polygon","coordinates":[[[14.913,52.21],[14.91,52.274],[14.869,52.292],[14.906,52.327],[14.877,52.362],[14.947,52.41],[15.025,52.391],[15.034,52.454],[14.988,52.465],[14.982,52.524],[14.929,52.53],[14.824,52.507],[14.787,52.545],[14.714,52.546],[14.647,52.572],[14.637,52.575],[14.605,52.528],[14.633,52.49],[14.535,52.394],[14.593,52.275],[14.693,52.256],[14.715,52.237],[14.685,52.192],[14.695,52.102],[14.755,52.07],[14.805,52.095],[14.809,52.134],[14.88,52.155],[14.913,52.21]]]}},{"type":"Feature","properties":{"k":"3023","n":"słupecki","s":["0409","3003","3010","3020","3030"]},"geometry":{"type":"Polygon","coordinates":[[[17.935,52.091],[18.029,52.116],[17.984,52.146],[18.025,52.173],[18.016,52.228],[18.052,52.331],[18.09,52.384],[18.026,52.45],[18.133,52.506],[18.095,52.553],[17.987,52.553],[17.911,52.517],[17.909,52.444],[17.864,52.427],[17.853,52.388],[17.775,52.368],[17.701,52.376],[17.726,52.306],[17.716,52.271],[17.782,52.247],[17.766,52.2],[17.83,52.193],[17.779,52.143],[17.771,52.109],[17.824,52.088],[17.853,52.073],[17.935,52.091]]]}},{"type":"Feature","properties":{"k":"2263","n":"Słupsk","s":["2212"]},"geometry":{"type":"Polygon","coordinates":[[[17.035,54.427],[17.104,54.467],[17.081,54.487],[16.964,54.5],[16.946,54.459],[17.035,54.427]]]}},{"type":"Feature","properties":{"k":"2212","n":"słupski","s":["2201","2208","2263","3209","3213"]},"geometry":{"type":"Polygon","coordinates":[[[17.017,54.265],[17.071,54.319],[17.15,54.283],[17.24,54.314],[17.283,54.297],[17.345,54.313],[17.353,54.244],[17.426,54.27],[17.423,54.299],[17.509,54.428],[17.6,54.443],[17.618,54.468],[17.543,54.502],[17.602,54.535],[17.548,54.551],[17.617,54.637],[17.51,54.662],[17.508,54.699],[17.417,54.713],[17.491,54.761],[17.383,54.753],[17.248,54.732],[17.044,54.669],[16.958,54.616],[16.898,54.594],[16.766,54.57],[16.699,54.57],[16.841,54.438],[16.859,54.383],[16.823,54.338],[16.865,54.261],[16.732,54.232],[16.734,54.177],[16.774,54.154],[16.793,54.085],[16.888,54.12],[16.921,54.153],[16.973,54.156],[17.008,54.189],[17.017,54.265]],[[17.035,54.427],[16.946,54.459],[16.964,54.5],[17.081,54.487],[17.104,54.467],[17.035,54.427]]]}},{"type":"Feature","properties":{"k":"1428","n":"sochaczewski","s":["1005","1015","1404","1405","1414","1419","1420","1432","1438"]},"geometry":{"type":"Polygon","coordinates":[[[20.411,52.14],[20.408,52.189],[20.485,52.184],[20.49,52.238],[20.345,52.238],[20.348,52.295],[20.422,52.331],[20.405,52.384],[20.251,52.388],[20.16,52.38],[20.02,52.383],[19.983,52.338],[19.936,52.3],[19.965,52.268],[20.042,52.258],[20.081,52.233],[20.062,52.188],[20.116,52.144],[20.161,52.151],[20.202,52.115],[20.252,52.117],[20.268,52.146],[20.348,52.131],[20.411,52.14]]]}},{"type":"Feature","properties":{"k":"1429","n":"sokołowski","s":["1416","1426","1433","2010","2013"]},"geometry":{"type":"Polygon","coordinates":[[[22.076,52.338],[22.116,52.313],[22.3,52.301],[22.491,52.32],[22.54,52.365],[22.563,52.411],[22.51,52.49],[22.527,52.521],[22.458,52.585],[22.409,52.61],[22.35,52.656],[22.212,52.698],[22.103,52.693],[22.043,52.676],[22.035,52.622],[22,52.622],[21.984,52.59],[22.04,52.574],[22.042,52.547],[22.167,52.477],[22.164,52.447],[22.085,52.393],[22.131,52.355],[22.076,52.338]]]}},{"type":"Feature","properties":{"k":"2011","n":"sokólski","s":["2001","2002","2008"]},"geometry":{"type":"Polygon","coordinates":[[[23.118,53.339],[23.16,53.383],[23.319,53.367],[23.395,53.31],[23.399,53.277],[23.513,53.256],[23.536,53.21],[23.749,53.157],[23.838,53.15],[23.91,53.167],[23.819,53.244],[23.707,53.437],[23.627,53.596],[23.589,53.696],[23.415,53.7],[23.34,53.722],[23.296,53.708],[23.203,53.713],[23.069,53.659],[23.067,53.641],[22.93,53.585],[22.997,53.578],[23.023,53.534],[23.074,53.496],[23.058,53.402],[23.109,53.398],[23.118,53.339]]]}},{"type":"Feature","properties":{"k":"2264","n":"Sopot","s":["2261","2262"]},"geometry":{"type":"Polygon","coordinates":[[[18.508,54.423],[18.617,54.438],[18.616,54.466],[18.525,54.458],[18.508,54.423]]]}},{"type":"Feature","properties":{"k":"2475","n":"Sosnowiec","s":["2401","2465","2468","2469","2470"]},"geometry":{"type":"Polygon","coordinates":[[[19.312,50.258],[19.285,50.292],[19.166,50.313],[19.071,50.294],[19.122,50.267],[19.124,50.266],[19.161,50.226],[19.206,50.252],[19.312,50.258]]]}},{"type":"Feature","properties":{"k":"1818","n":"stalowowolski","s":["0605","0607","1806","1812","1820","2609"]},"geometry":{"type":"Polygon","coordinates":[[[22.163,50.797],[22.052,50.821],[21.994,50.783],[21.895,50.78],[21.864,50.803],[21.843,50.739],[21.881,50.703],[21.858,50.647],[21.937,50.578],[21.983,50.569],[21.965,50.503],[21.882,50.473],[21.852,50.462],[21.881,50.392],[21.919,50.415],[21.984,50.367],[22.019,50.38],[22.087,50.453],[22.065,50.513],[22.096,50.546],[22.202,50.54],[22.25,50.574],[22.246,50.625],[22.223,50.66],[22.147,50.673],[22.201,50.752],[22.163,50.797]]]}},{"type":"Feature","properties":{"k":"2611","n":"starachowicki","s":["1409","1425","1430","2604","2607","2610"]},"geometry":{"type":"Polygon","coordinates":[[[20.913,51.032],[21.018,50.969],[20.994,50.92],[21.055,50.896],[21.158,50.908],[21.201,50.947],[21.221,51.002],[21.285,50.988],[21.326,51.036],[21.383,51.041],[21.311,51.084],[21.153,51.08],[21.154,51.126],[21.091,51.155],[21.111,51.201],[21.068,51.207],[21.057,51.157],[20.984,51.167],[20.956,51.074],[20.913,51.032]]]}},{"type":"Feature","properties":{"k":"3214","n":"stargardzki","s":["3202","3203","3204","3206","3210","3212","3218","3262"]},"geometry":{"type":"Polygon","coordinates":[[[14.862,53.247],[15.004,53.264],[15.069,53.233],[15.062,53.188],[15.212,53.138],[15.199,53.085],[15.206,53.082],[15.268,53.095],[15.367,53.175],[15.273,53.245],[15.313,53.255],[15.459,53.233],[15.468,53.305],[15.585,53.343],[15.605,53.423],[15.702,53.477],[15.705,53.498],[15.629,53.481],[15.59,53.505],[15.516,53.471],[15.479,53.474],[15.419,53.522],[15.367,53.538],[15.29,53.509],[15.237,53.531],[15.151,53.469],[15.06,53.47],[15.014,53.455],[14.778,53.426],[14.778,53.403],[14.735,53.372],[14.801,53.326],[14.875,53.301],[14.862,53.247]]]}},{"type":"Feature","properties":{"k":"2213","n":"starogardzki","s":["0414","0416","2202","2204","2206","2214"]},"geometry":{"type":"Polygon","coordinates":[[[18.264,53.701],[18.354,53.687],[18.515,53.704],[18.551,53.656],[18.697,53.7],[18.73,53.744],[18.634,53.8],[18.588,53.862],[18.637,53.945],[18.673,53.955],[18.674,54.006],[18.572,54.042],[18.591,54.106],[18.533,54.126],[18.391,54.121],[18.327,54.141],[18.356,54.058],[18.295,54.036],[18.278,53.997],[18.303,53.965],[18.218,53.942],[18.162,53.96],[18.106,53.926],[18.071,53.874],[18.123,53.824],[18.072,53.781],[18.152,53.768],[18.171,53.745],[18.256,53.746],[18.264,53.701]]]}},{"type":"Feature","properties":{"k":"2612","n":"staszowski","s":["1204","1811","1820","2601","2604","2606","2609"]},"geometry":{"type":"Polygon","coordinates":[[[21.518,50.509],[21.395,50.609],[21.397,50.65],[21.35,50.684],[21.146,50.699],[21.162,50.692],[21.158,50.647],[21.067,50.63],[20.997,50.669],[20.878,50.661],[20.874,50.636],[20.976,50.558],[21.053,50.566],[21.096,50.52],[21.076,50.477],[21.015,50.489],[20.981,50.458],[21.081,50.433],[21.126,50.403],[21.149,50.353],[21.208,50.355],[21.281,50.408],[21.367,50.441],[21.444,50.457],[21.482,50.496],[21.518,50.509]]]}},{"type":"Feature","properties":{"k":"1611","n":"strzelecki","s":["1603","1605","1608","1609","2405","2407","2413"]},"geometry":{"type":"Polygon","coordinates":[[[18.37,50.416],[18.38,50.479],[18.44,50.481],[18.436,50.545],[18.478,50.553],[18.559,50.54],[18.607,50.55],[18.602,50.605],[18.513,50.631],[18.476,50.618],[18.459,50.679],[18.384,50.702],[18.343,50.696],[18.279,50.643],[18.207,50.65],[18.118,50.554],[18.091,50.512],[18.147,50.456],[18.154,50.387],[18.189,50.377],[18.276,50.387],[18.358,50.357],[18.394,50.392],[18.37,50.416]]]}},{"type":"Feature","properties":{"k":"0806","n":"strzelecko-drezdenecki","s":["0801","0803","3002","3014","3202","3210","3217"]},"geometry":{"type":"Polygon","coordinates":[[[15.982,53.116],[15.875,53.121],[15.812,53.084],[15.767,53.02],[15.633,52.976],[15.533,53.006],[15.444,52.99],[15.351,52.943],[15.287,52.957],[15.332,52.904],[15.423,52.887],[15.427,52.813],[15.49,52.752],[15.576,52.767],[15.604,52.714],[15.637,52.701],[15.738,52.713],[15.793,52.707],[15.907,52.715],[15.947,52.755],[15.893,52.813],[15.974,52.859],[15.98,52.934],[15.961,52.956],[15.963,53.041],[15.994,53.073],[15.982,53.116]]]}},{"type":"Feature","properties":{"k":"0217","n":"strzeliński","s":["0202","0215","0223","0224","1601","1607"]},"geometry":{"type":"Polygon","coordinates":[[[17.069,50.903],[17.017,50.917],[16.959,50.905],[16.914,50.826],[16.888,50.812],[16.881,50.709],[16.958,50.693],[17.065,50.694],[17.119,50.672],[17.165,50.614],[17.232,50.615],[17.266,50.772],[17.319,50.821],[17.24,50.864],[17.152,50.864],[17.125,50.84],[17.069,50.903]]]}},{"type":"Feature","properties":{"k":"1819","n":"strzyżowski","s":["1802","1803","1805","1807","1815","1816"]},"geometry":{"type":"Polygon","coordinates":[[[21.618,49.798],[21.661,49.844],[21.742,49.794],[21.895,49.781],[21.942,49.806],[22.02,49.838],[21.946,49.875],[21.902,49.923],[21.896,49.957],[21.748,49.969],[21.696,49.964],[21.673,49.925],[21.599,49.922],[21.524,49.893],[21.477,49.841],[21.553,49.828],[21.56,49.786],[21.618,49.798]]]}},{"type":"Feature","properties":{"k":"0807","n":"sulęciński","s":["0801","0802","0803","0805","0808"]},"geometry":{"type":"Polygon","coordinates":[[[15.436,52.376],[15.409,52.422],[15.334,52.426],[15.304,52.473],[15.266,52.485],[15.306,52.59],[15.21,52.584],[15.195,52.636],[15.137,52.644],[15.107,52.618],[15.037,52.642],[14.704,52.592],[14.647,52.572],[14.714,52.546],[14.787,52.545],[14.824,52.507],[14.929,52.53],[14.982,52.524],[14.988,52.465],[15.034,52.454],[15.025,52.391],[14.947,52.41],[14.877,52.362],[14.906,52.327],[14.869,52.292],[14.91,52.274],[14.913,52.21],[15.091,52.226],[15.155,52.238],[15.243,52.312],[15.257,52.372],[15.345,52.366],[15.436,52.376]]]}},{"type":"Feature","properties":{"k":"1215","n":"suski","s":["1209","1211","1218","2417"]},"geometry":{"type":"Polygon","coordinates":[[[19.758,49.83],[19.708,49.804],[19.606,49.793],[19.54,49.802],[19.45,49.796],[19.415,49.775],[19.445,49.735],[19.374,49.693],[19.478,49.661],[19.467,49.614],[19.529,49.573],[19.592,49.593],[19.619,49.624],[19.677,49.576],[19.753,49.572],[19.799,49.594],[19.863,49.599],[19.894,49.638],[19.886,49.683],[19.912,49.713],[19.796,49.706],[19.751,49.786],[19.758,49.83]]]}},{"type":"Feature","properties":{"k":"2012","n":"suwalski","s":["2001","2009","2063","2805","2813","2818"]},"geometry":{"type":"Polygon","coordinates":[[[22.778,53.923],[22.822,53.928],[22.887,53.968],[22.872,53.996],[22.988,54.016],[23.128,54.021],[23.12,54.093],[23.08,54.136],[23.153,54.198],[23.109,54.245],[23.154,54.297],[23.042,54.316],[23.048,54.349],[22.984,54.39],[22.836,54.407],[22.792,54.363],[22.784,54.306],[22.693,54.275],[22.532,54.249],[22.482,54.202],[22.547,54.138],[22.602,54.137],[22.636,54.093],[22.601,54.052],[22.671,54.029],[22.724,53.953],[22.778,53.923]],[[22.981,54.106],[22.993,54.069],[22.901,54.06],[22.872,54.115],[22.973,54.154],[22.981,54.106]]]}},{"type":"Feature","properties":{"k":"2063","n":"Suwałki","s":["2012"]},"geometry":{"type":"Polygon","coordinates":[[[22.981,54.106],[22.973,54.154],[22.872,54.115],[22.901,54.06],[22.993,54.069],[22.981,54.106]]]}},{"type":"Feature","properties":{"k":"3024","n":"szamotulski","s":["3002","3014","3015","3016","3021"]},"geometry":{"type":"Polygon","coordinates":[[[16.461,52.377],[16.584,52.398],[16.65,52.53],[16.705,52.532],[16.73,52.566],[16.655,52.599],[16.6,52.667],[16.637,52.692],[16.583,52.743],[16.517,52.76],[16.313,52.776],[16.242,52.793],[16.139,52.786],[16.014,52.735],[16.123,52.688],[16.207,52.678],[16.282,52.65],[16.257,52.57],[16.194,52.489],[16.29,52.472],[16.361,52.425],[16.442,52.405],[16.461,52.377]]]}},{"type":"Feature","properties":{"k":"3262","n":"Szczecin","s":["3204","3206","3211","3214"]},"geometry":{"type":"Polygon","coordinates":[[[14.554,53.354],[14.635,53.366],[14.746,53.329],[14.801,53.326],[14.735,53.372],[14.778,53.403],[14.712,53.45],[14.702,53.504],[14.635,53.534],[14.571,53.538],[14.563,53.497],[14.465,53.497],[14.492,53.394],[14.554,53.354]]]}},{"type":"Feature","properties":{"k":"3215","n":"szczecinecki","s":["2201","2203","3031","3201","3203","3209","3216"]},"geometry":{"type":"Polygon","coordinates":[[[16.892,53.656],[16.858,53.747],[16.931,53.777],[16.873,53.869],[16.976,53.88],[16.982,53.905],[16.876,53.945],[16.874,53.977],[16.793,53.986],[16.719,53.953],[16.682,53.89],[16.58,53.887],[16.478,53.91],[16.441,53.904],[16.366,53.917],[16.326,53.877],[16.265,53.871],[16.201,53.825],[16.268,53.723],[16.234,53.694],[16.281,53.662],[16.305,53.59],[16.457,53.508],[16.454,53.489],[16.49,53.47],[16.646,53.485],[16.721,53.526],[16.76,53.618],[16.892,53.656]]]}},{"type":"Feature","properties":{"k":"2817","n":"szczycieński","s":["1415","1422","2810","2811","2814","2816"]},"geometry":{"type":"Polygon","coordinates":[[[21.054,53.334],[21.141,53.377],[21.282,53.427],[21.411,53.428],[21.435,53.463],[21.552,53.478],[21.456,53.509],[21.422,53.638],[21.314,53.628],[21.12,53.735],[21.105,53.771],[21.053,53.791],[20.971,53.765],[20.909,53.779],[20.771,53.693],[20.701,53.661],[20.688,53.629],[20.598,53.557],[20.599,53.531],[20.595,53.487],[20.632,53.452],[20.768,53.389],[20.801,53.337],[20.792,53.31],[20.847,53.293],[20.917,53.322],[20.914,53.348],[20.992,53.361],[21.054,53.334]]]}},{"type":"Feature","properties":{"k":"2216","n":"sztumski","s":["2207","2209","2214","2804","2807","2815"]},"geometry":{"type":"Polygon","coordinates":[[[19.576,53.948],[19.374,53.935],[19.378,53.985],[19.32,54.027],[19.268,54.025],[19.214,54.01],[19.126,54.024],[19.029,53.989],[18.982,54.001],[18.861,53.947],[18.879,53.91],[18.961,53.896],[19.055,53.86],[19.126,53.815],[19.172,53.842],[19.323,53.814],[19.454,53.798],[19.519,53.847],[19.56,53.917],[19.576,53.948]]]}},{"type":"Feature","properties":{"k":"1430","n":"szydłowiecki","s":["1423","1425","2605","2610","2611"]},"geometry":{"type":"Polygon","coordinates":[[[20.686,51.151],[20.718,51.173],[20.813,51.146],[20.88,51.154],[20.921,51.195],[20.984,51.167],[21.057,51.157],[21.068,51.207],[21.017,51.235],[21.039,51.292],[21.031,51.33],[20.955,51.362],[20.855,51.343],[20.779,51.319],[20.758,51.267],[20.709,51.269],[20.611,51.243],[20.7,51.196],[20.686,51.151]]]}},{"type":"Feature","properties":{"k":"3025","n":"średzki","s":["3006","3021","3026","3030"]},"geometry":{"type":"Polygon","coordinates":[[[17.514,52.124],[17.466,52.112],[17.426,52.177],[17.465,52.198],[17.451,52.27],[17.407,52.285],[17.404,52.339],[17.369,52.345],[17.241,52.308],[17.183,52.257],[17.178,52.228],[17.098,52.184],[17.139,52.101],[17.226,52.11],[17.293,52.096],[17.273,52.037],[17.327,52.011],[17.407,52.013],[17.492,52.051],[17.514,52.124]]]}},{"type":"Feature","properties":{"k":"0218","n":"średzki","s":["0205","0209","0219","0220","0222","0223","0264"]},"geometry":{"type":"Polygon","coordinates":[[[16.831,51.112],[16.828,51.184],[16.905,51.21],[16.84,51.252],[16.801,51.259],[16.725,51.26],[16.692,51.241],[16.629,51.251],[16.472,51.231],[16.446,51.179],[16.442,51.126],[16.475,51.106],[16.337,51.029],[16.381,51.013],[16.527,50.991],[16.603,51.002],[16.758,51.055],[16.783,51.101],[16.831,51.112]]]}},{"type":"Feature","properties":{"k":"3026","n":"śremski","s":["3004","3006","3011","3021","3025"]},"geometry":{"type":"Polygon","coordinates":[[[17.189,51.968],[17.223,51.988],[17.324,51.987],[17.327,52.011],[17.273,52.037],[17.293,52.096],[17.226,52.11],[17.139,52.101],[17.098,52.184],[17.035,52.163],[16.894,52.198],[16.801,52.177],[16.79,52.141],[16.858,52.115],[16.876,52.067],[17.005,51.98],[17.035,51.943],[17.126,51.947],[17.189,51.968]]]}},{"type":"Feature","properties":{"k":"0617","n":"świdnicki","s":["0603","0606","0609","0610","0663"]},"geometry":{"type":"Polygon","coordinates":[[[22.639,51.214],[22.701,51.191],[22.681,51.152],[22.699,51.103],[22.773,51.074],[22.812,51.041],[22.777,50.993],[22.814,50.973],[22.918,50.977],[22.877,51.059],[22.924,51.119],[23.006,51.093],[23.065,51.097],[23.041,51.184],[22.976,51.196],[22.923,51.174],[22.876,51.181],[22.845,51.271],[22.77,51.278],[22.665,51.243],[22.639,51.214]]]}},{"type":"Feature","properties":{"k":"0219","n":"świdnicki","s":["0202","0205","0218","0221","0223","0265"]},"geometry":{"type":"Polygon","coordinates":[[[16.489,50.714],[16.558,50.744],[16.548,50.777],[16.669,50.821],[16.697,50.843],[16.69,50.939],[16.576,50.92],[16.603,51.002],[16.527,50.991],[16.381,51.013],[16.337,51.029],[16.269,51.012],[16.215,51.019],[16.202,50.971],[16.159,50.951],[16.204,50.886],[16.272,50.854],[16.342,50.839],[16.351,50.793],[16.453,50.752],[16.489,50.714]]]}},{"type":"Feature","properties":{"k":"3216","n":"świdwiński","s":["3201","3203","3208","3215","3218"]},"geometry":{"type":"Polygon","coordinates":[[[16.234,53.694],[16.268,53.723],[16.201,53.825],[16.145,53.878],[16.069,53.898],[15.902,53.923],[15.787,53.891],[15.764,53.953],[15.726,53.964],[15.645,53.964],[15.55,53.903],[15.531,53.874],[15.567,53.792],[15.701,53.687],[15.791,53.66],[15.927,53.653],[15.943,53.679],[16.03,53.66],[16.063,53.688],[16.093,53.693],[16.119,53.669],[16.234,53.694]]]}},{"type":"Feature","properties":{"k":"0808","n":"świebodziński","s":["0802","0803","0807","0809","3015"]},"geometry":{"type":"Polygon","coordinates":[[[15.306,52.131],[15.481,52.101],[15.591,52.138],[15.607,52.164],[15.722,52.169],[15.737,52.192],[15.85,52.213],[15.852,52.262],[15.881,52.29],[15.83,52.321],[15.725,52.291],[15.626,52.321],[15.622,52.343],[15.454,52.361],[15.436,52.376],[15.345,52.366],[15.257,52.372],[15.243,52.312],[15.155,52.238],[15.091,52.226],[15.101,52.205],[15.198,52.219],[15.221,52.195],[15.288,52.214],[15.306,52.131]]]}},{"type":"Feature","properties":{"k":"0414","n":"świecki","s":["0403","0404","0406","0416","0462","2207","2213","2214"]},"geometry":{"type":"Polygon","coordinates":[[[18.28,53.253],[18.368,53.348],[18.45,53.379],[18.494,53.416],[18.623,53.431],[18.704,53.452],[18.756,53.524],[18.762,53.605],[18.739,53.645],[18.789,53.702],[18.697,53.7],[18.551,53.656],[18.515,53.704],[18.354,53.687],[18.264,53.701],[18.172,53.628],[18.172,53.585],[18.204,53.536],[18.13,53.526],[18.116,53.472],[18.076,53.467],[18.034,53.394],[18.058,53.341],[18.117,53.33],[18.185,53.279],[18.28,53.253]]]}},{"type":"Feature","properties":{"k":"2476","n":"Świętochłowice","s":["2462","2463","2472"]},"geometry":{"type":"Polygon","coordinates":[[[18.896,50.325],[18.884,50.295],[18.93,50.271],[18.927,50.318],[18.896,50.325]]]}},{"type":"Feature","properties":{"k":"3263","n":"Świnoujście","s":["3204","3207","3211"]},"geometry":{"type":"Polygon","coordinates":[[[14.391,53.917],[14.345,53.912],[14.226,53.928],[14.212,53.867],[14.274,53.785],[14.381,53.769],[14.441,53.773],[14.42,53.864],[14.391,53.917]]]}},{"type":"Feature","properties":{"k":"1864","n":"Tarnobrzeg","s":["1820","2609"]},"geometry":{"type":"Polygon","coordinates":[[[21.779,50.645],[21.748,50.655],[21.667,50.601],[21.601,50.52],[21.711,50.535],[21.793,50.612],[21.779,50.645]]]}},{"type":"Feature","properties":{"k":"1820","n":"tarnobrzeski","s":["1806","1811","1818","1864","2609","2612"]},"geometry":{"type":"Polygon","coordinates":[[[21.779,50.645],[21.793,50.612],[21.711,50.535],[21.601,50.52],[21.518,50.509],[21.482,50.496],[21.565,50.435],[21.551,50.401],[21.599,50.387],[21.637,50.39],[21.671,50.437],[21.757,50.388],[21.797,50.406],[21.776,50.449],[21.882,50.473],[21.965,50.503],[21.983,50.569],[21.937,50.578],[21.858,50.647],[21.881,50.703],[21.843,50.739],[21.779,50.645]]]}},{"type":"Feature","properties":{"k":"2413","n":"tarnogórski","s":["1611","2401","2405","2407","2409","2462","2466","2471","2478"]},"geometry":{"type":"Polygon","coordinates":[[[18.915,50.372],[18.929,50.421],[18.971,50.413],[19.024,50.449],[19.089,50.457],[19.134,50.523],[19.079,50.508],[19.022,50.529],[19.03,50.562],[18.906,50.577],[18.85,50.615],[18.78,50.572],[18.602,50.605],[18.607,50.55],[18.653,50.499],[18.615,50.437],[18.651,50.413],[18.651,50.412],[18.651,50.413],[18.651,50.412],[18.658,50.374],[18.68,50.34],[18.732,50.332],[18.747,50.368],[18.8,50.374],[18.834,50.413],[18.915,50.372]]]}},{"type":"Feature","properties":{"k":"1216","n":"tarnowski","s":["1202","1204","1205","1210","1214","1263","1803","1805","2603"]},"geometry":{"type":"Polygon","coordinates":[[[21.297,49.843],[21.225,49.853],[21.225,49.884],[21.28,49.892],[21.285,49.924],[21.18,49.928],[21.151,49.976],[21.193,50.029],[21.16,50.09],[21.181,50.118],[21.152,50.148],[21.14,50.115],[21.06,50.107],[20.957,50.112],[20.949,50.148],[20.881,50.161],[20.851,50.215],[20.759,50.208],[20.728,50.243],[20.682,50.206],[20.682,50.201],[20.697,50.164],[20.759,50.133],[20.781,50.07],[20.746,50.007],[20.79,49.956],[20.758,49.927],[20.721,49.88],[20.713,49.807],[20.845,49.764],[20.883,49.732],[21.158,49.782],[21.242,49.776],[21.297,49.843]],[[20.971,49.988],[20.914,49.988],[20.894,50.027],[20.943,50.067],[21.035,50.051],[21.061,50.017],[21.024,49.989],[20.971,49.988]]]}},{"type":"Feature","properties":{"k":"1263","n":"Tarnów","s":["1216"]},"geometry":{"type":"Polygon","coordinates":[[[20.971,49.988],[21.024,49.989],[21.061,50.017],[21.035,50.051],[20.943,50.067],[20.894,50.027],[20.914,49.988],[20.971,49.988]]]}},{"type":"Feature","properties":{"k":"1217","n":"tatrzański","s":["1211"]},"geometry":{"type":"Polygon","coordinates":[[[20.19,49.338],[20.172,49.367],[20.085,49.428],[19.9,49.34],[19.795,49.348],[19.793,49.268],[19.763,49.208],[19.841,49.194],[19.919,49.236],[20.009,49.22],[20.076,49.179],[20.102,49.253],[20.146,49.318],[20.19,49.338]]]}},{"type":"Feature","properties":{"k":"2214","n":"tczewski","s":["0414","2204","2207","2209","2213","2216"]},"geometry":{"type":"Polygon","coordinates":[[[18.861,53.947],[18.807,54.098],[18.828,54.142],[18.806,54.154],[18.661,54.14],[18.591,54.106],[18.572,54.042],[18.674,54.006],[18.673,53.955],[18.637,53.945],[18.588,53.862],[18.634,53.8],[18.73,53.744],[18.697,53.7],[18.789,53.702],[18.845,53.727],[18.841,53.835],[18.883,53.882],[18.879,53.91],[18.861,53.947]]]}},{"type":"Feature","properties":{"k":"0618","n":"tomaszowski","s":["0602","0604","0620","1809"]},"geometry":{"type":"Polygon","coordinates":[[[23.623,50.684],[23.596,50.679],[23.598,50.614],[23.557,50.601],[23.429,50.592],[23.396,50.609],[23.313,50.609],[23.295,50.548],[23.315,50.503],[23.272,50.475],[23.215,50.506],[23.18,50.496],[23.048,50.422],[23.141,50.367],[23.184,50.396],[23.253,50.365],[23.354,50.402],[23.379,50.368],[23.436,50.345],[23.41,50.31],[23.5,50.3],[23.509,50.261],[23.548,50.252],[23.639,50.321],[23.686,50.332],[23.703,50.375],[23.803,50.405],[23.975,50.413],[23.876,50.471],[23.962,50.527],[23.964,50.568],[23.889,50.557],[23.805,50.592],[23.753,50.598],[23.773,50.64],[23.703,50.673],[23.623,50.684]]]}},{"type":"Feature","properties":{"k":"1016","n":"tomaszowski","s":["1006","1007","1010","1013","1015","1021","1406","1423"]},"geometry":{"type":"Polygon","coordinates":[[[19.971,51.431],[20.036,51.434],[20.102,51.47],[20.192,51.463],[20.228,51.503],[20.323,51.574],[20.422,51.601],[20.425,51.611],[20.385,51.642],[20.295,51.655],[20.265,51.71],[20.178,51.71],[20.116,51.74],[20.016,51.773],[19.981,51.741],[19.913,51.664],[19.791,51.708],[19.734,51.693],[19.708,51.63],[19.713,51.572],[19.822,51.543],[19.889,51.544],[19.919,51.482],[19.96,51.453],[19.926,51.424],[19.971,51.431]]]}},{"type":"Feature","properties":{"k":"0463","n":"Toruń","s":["0415"]},"geometry":{"type":"Polygon","coordinates":[[[18.625,52.984],[18.731,53.019],[18.708,53.057],[18.652,53.066],[18.544,53.06],[18.476,53.011],[18.625,52.984]]]}},{"type":"Feature","properties":{"k":"0415","n":"toruński","s":["0401","0403","0404","0405","0407","0408","0417","0461","0463"]},"geometry":{"type":"Polygon","coordinates":[[[18.762,53.201],[18.777,53.246],[18.725,53.263],[18.653,53.225],[18.568,53.227],[18.35,53.17],[18.146,53.103],[18.154,53.099],[18.3,53.08],[18.407,53.04],[18.367,52.987],[18.361,52.946],[18.496,52.949],[18.513,52.908],[18.565,52.879],[18.69,52.898],[18.723,52.933],[18.813,52.906],[18.907,52.836],[18.953,52.852],[19.035,52.849],[19.063,52.883],[19.01,52.965],[19.094,52.969],[19.075,52.993],[18.957,52.988],[18.952,53.015],[18.827,53.071],[18.795,53.136],[18.752,53.155],[18.762,53.201]],[[18.625,52.984],[18.476,53.011],[18.544,53.06],[18.652,53.066],[18.708,53.057],[18.731,53.019],[18.625,52.984]]]}},{"type":"Feature","properties":{"k":"0220","n":"trzebnicki","s":["0204","0213","0214","0218","0222","0223","0264","3022"]},"geometry":{"type":"Polygon","coordinates":[[[17.34,51.373],[17.236,51.392],[17.112,51.448],[17.1,51.496],[17.057,51.53],[16.991,51.55],[16.928,51.552],[16.887,51.581],[16.828,51.572],[16.764,51.485],[16.797,51.456],[16.808,51.335],[16.801,51.259],[16.84,51.252],[16.905,51.21],[16.958,51.209],[17.065,51.165],[17.1,51.176],[17.073,51.233],[17.243,51.267],[17.269,51.352],[17.34,51.373]]]}},{"type":"Feature","properties":{"k":"0416","n":"tucholski","s":["0403","0413","0414","2202","2213"]},"geometry":{"type":"Polygon","coordinates":[[[18.034,53.394],[18.076,53.467],[18.116,53.472],[18.13,53.526],[18.204,53.536],[18.172,53.585],[18.172,53.628],[18.264,53.701],[18.256,53.746],[18.171,53.745],[18.152,53.768],[18.072,53.781],[18.034,53.726],[17.932,53.749],[17.852,53.688],[17.767,53.688],[17.712,53.636],[17.73,53.593],[17.657,53.571],[17.602,53.553],[17.677,53.501],[17.72,53.505],[17.73,53.434],[17.77,53.433],[17.849,53.416],[17.932,53.43],[17.97,53.384],[18.034,53.394]]]}},{"type":"Feature","properties":{"k":"3027","n":"turecki","s":["1011","1014","3007","3009","3010"]},"geometry":{"type":"Polygon","coordinates":[[[18.472,51.851],[18.595,51.848],[18.686,51.821],[18.768,51.928],[18.743,51.937],[18.718,52.066],[18.686,52.128],[18.631,52.121],[18.527,52.137],[18.465,52.171],[18.329,52.123],[18.238,52.1],[18.229,52.039],[18.297,51.981],[18.327,51.926],[18.472,51.851]]]}},{"type":"Feature","properties":{"k":"2477","n":"Tychy","s":["2408","2410","2414","2469"]},"geometry":{"type":"Polygon","coordinates":[[[18.934,50.159],[18.954,50.112],[18.933,50.082],[19.036,50.077],[19.082,50.131],[19.022,50.176],[18.934,50.159]]]}},{"type":"Feature","properties":{"k":"1218","n":"wadowicki","s":["1203","1206","1209","1213","1215","2402","2417"]},"geometry":{"type":"Polygon","coordinates":[[[19.415,49.775],[19.45,49.796],[19.54,49.802],[19.606,49.793],[19.708,49.804],[19.758,49.83],[19.81,49.885],[19.732,49.918],[19.719,49.958],[19.662,49.953],[19.637,49.981],[19.56,50.012],[19.51,50.026],[19.483,50.02],[19.467,49.941],[19.381,49.959],[19.302,49.906],[19.29,49.851],[19.317,49.778],[19.415,49.775]]]}},{"type":"Feature","properties":{"k":"0265","n":"Wałbrzych","s":["0219","0221"]},"geometry":{"type":"Polygon","coordinates":[[[16.272,50.854],[16.228,50.761],[16.263,50.717],[16.304,50.724],[16.351,50.793],[16.342,50.839],[16.272,50.854]]]}},{"type":"Feature","properties":{"k":"0221","n":"wałbrzyski","s":["0202","0205","0207","0208","0219","0265"]},"geometry":{"type":"Polygon","coordinates":[[[16.351,50.793],[16.304,50.724],[16.263,50.717],[16.228,50.761],[16.272,50.854],[16.204,50.886],[16.179,50.864],[16.103,50.859],[16.068,50.826],[16.068,50.791],[16.165,50.683],[16.107,50.662],[16.217,50.633],[16.234,50.671],[16.343,50.662],[16.378,50.637],[16.442,50.647],[16.48,50.681],[16.489,50.714],[16.453,50.752],[16.351,50.793]]]}},{"type":"Feature","properties":{"k":"3217","n":"wałecki","s":["0806","3002","3019","3031","3202","3203"]},"geometry":{"type":"Polygon","coordinates":[[[16.391,53.131],[16.501,53.173],[16.559,53.229],[16.621,53.234],[16.65,53.277],[16.715,53.299],[16.624,53.346],[16.475,53.388],[16.44,53.459],[16.389,53.425],[16.218,53.396],[16.151,53.376],[16.062,53.407],[15.976,53.376],[16.008,53.311],[16.076,53.289],[16.004,53.24],[16.023,53.227],[15.98,53.172],[15.982,53.116],[15.994,53.073],[15.963,53.041],[16.084,53.015],[16.138,53.014],[16.271,53.049],[16.317,53.037],[16.364,53.082],[16.346,53.112],[16.391,53.131]]]}},{"type":"Feature","properties":{"k":"1465","n":"Warszawa","s":["1408","1412","1417","1418","1421","1432","1434"]},"geometry":{"type":"Polygon","coordinates":[[[20.986,52.118],[21.08,52.098],[21.165,52.145],[21.268,52.167],[21.251,52.223],[21.251,52.263],[21.171,52.277],[21.105,52.274],[21.085,52.337],[20.944,52.366],[20.915,52.354],[20.922,52.324],[20.876,52.299],[20.891,52.247],[20.853,52.197],[20.985,52.139],[20.986,52.118]]]}},{"type":"Feature","properties":{"k":"1432","n":"warszawski zachodni","s":["1405","1408","1414","1421","1428","1465"]},"geometry":{"type":"Polygon","coordinates":[[[20.821,52.379],[20.821,52.346],[20.731,52.348],[20.646,52.315],[20.604,52.334],[20.439,52.288],[20.422,52.331],[20.348,52.295],[20.345,52.238],[20.49,52.238],[20.485,52.184],[20.545,52.165],[20.631,52.165],[20.699,52.19],[20.853,52.197],[20.891,52.247],[20.876,52.299],[20.922,52.324],[20.915,52.354],[20.897,52.375],[20.821,52.379]]]}},{"type":"Feature","properties":{"k":"0417","n":"wąbrzeski","s":["0402","0404","0405","0406","0415"]},"geometry":{"type":"Polygon","coordinates":[[[18.762,53.201],[18.811,53.184],[18.967,53.188],[19.029,53.172],[19.086,53.185],[19.142,53.228],[19.131,53.321],[19.084,53.357],[19.107,53.381],[19.038,53.353],[18.892,53.342],[18.793,53.386],[18.724,53.365],[18.738,53.319],[18.725,53.263],[18.777,53.246],[18.762,53.201]]]}},{"type":"Feature","properties":{"k":"3028","n":"wągrowiecki","s":["0410","0419","3001","3003","3016","3019","3021"]},"geometry":{"type":"Polygon","coordinates":[[[17.151,52.574],[17.228,52.591],[17.336,52.674],[17.436,52.689],[17.459,52.739],[17.416,52.784],[17.503,52.787],[17.527,52.858],[17.513,52.909],[17.519,52.928],[17.395,52.982],[17.317,52.974],[17.332,53.019],[17.324,53.078],[17.289,53.084],[17.299,53.049],[17.253,53.019],[17.188,53.015],[17.202,52.967],[17.145,52.907],[17.079,52.891],[17.051,52.833],[17.007,52.828],[17.006,52.782],[17.115,52.774],[17.133,52.732],[17.106,52.689],[17.033,52.676],[17.151,52.574]]]}},{"type":"Feature","properties":{"k":"2215","n":"wejherowski","s":["2205","2208","2211","2262"]},"geometry":{"type":"Polygon","coordinates":[[[17.881,54.41],[17.971,54.434],[18.096,54.429],[18.144,54.408],[18.204,54.436],[18.347,54.424],[18.417,54.456],[18.408,54.476],[18.38,54.507],[18.431,54.567],[18.423,54.592],[18.345,54.634],[18.243,54.648],[18.155,54.695],[18.117,54.699],[18.064,54.775],[18,54.753],[17.918,54.796],[17.915,54.827],[17.667,54.783],[17.723,54.774],[17.749,54.725],[17.827,54.656],[17.784,54.591],[17.827,54.562],[17.837,54.525],[17.887,54.481],[17.846,54.463],[17.881,54.41]]]}},{"type":"Feature","properties":{"k":"2819","n":"węgorzewski","s":["2806","2808","2818"]},"geometry":{"type":"Polygon","coordinates":[[[21.562,54.081],[21.601,54.113],[21.672,54.103],[21.838,54.1],[21.887,54.087],[21.938,54.129],[22.025,54.139],[22.023,54.173],[21.969,54.229],[21.985,54.26],[21.938,54.333],[21.559,54.323],[21.538,54.262],[21.595,54.196],[21.574,54.146],[21.534,54.129],[21.562,54.081]]]}},{"type":"Feature","properties":{"k":"1433","n":"węgrowski","s":["1412","1416","1426","1429","1434","1435"]},"geometry":{"type":"Polygon","coordinates":[[[21.704,52.39],[21.754,52.359],[21.738,52.314],[21.784,52.308],[21.793,52.263],[21.87,52.236],[21.942,52.216],[22.049,52.21],[22.077,52.239],[22.042,52.293],[22.076,52.338],[22.131,52.355],[22.085,52.393],[22.164,52.447],[22.167,52.477],[22.042,52.547],[22.04,52.574],[21.984,52.59],[22,52.622],[22,52.647],[21.92,52.66],[21.867,52.699],[21.773,52.665],[21.616,52.601],[21.597,52.553],[21.639,52.51],[21.718,52.502],[21.704,52.39]]]}},{"type":"Feature","properties":{"k":"1219","n":"wielicki","s":["1201","1206","1209","1261"]},"geometry":{"type":"Polygon","coordinates":[[[20.217,50.053],[20.08,50.036],[20.066,50.008],[19.963,49.969],[20.001,49.931],[20.077,49.928],[20.233,49.864],[20.305,49.913],[20.331,49.977],[20.321,50.019],[20.388,50.022],[20.348,50.1],[20.217,50.053]]]}},{"type":"Feature","properties":{"k":"1017","n":"wieluński","s":["1001","1003","1009","1014","1018","1608","2406"]},"geometry":{"type":"Polygon","coordinates":[[[18.35,51.137],[18.47,51.104],[18.581,51.09],[18.673,51.057],[18.768,51.065],[18.754,51.12],[18.779,51.165],[18.798,51.251],[18.866,51.281],[18.861,51.323],[18.897,51.364],[18.857,51.402],[18.803,51.411],[18.767,51.365],[18.663,51.359],[18.561,51.384],[18.548,51.34],[18.405,51.316],[18.37,51.264],[18.348,51.186],[18.35,51.137]]]}},{"type":"Feature","properties":{"k":"1018","n":"wieruszowski","s":["1014","1017","1604","1608","3008","3018"]},"geometry":{"type":"Polygon","coordinates":[[[18.561,51.384],[18.464,51.399],[18.344,51.388],[18.326,51.42],[18.228,51.452],[18.208,51.404],[18.139,51.379],[18.138,51.378],[18.139,51.379],[18.138,51.378],[18.099,51.362],[18.092,51.326],[18.126,51.269],[18.18,51.222],[18.164,51.173],[18.26,51.158],[18.315,51.134],[18.35,51.137],[18.348,51.186],[18.37,51.264],[18.405,51.316],[18.548,51.34],[18.561,51.384]]]}},{"type":"Feature","properties":{"k":"0464","n":"Włocławek","s":["0408","0418"]},"geometry":{"type":"Polygon","coordinates":[[[18.983,52.736],[18.939,52.697],[19.018,52.676],[19.013,52.647],[19.106,52.613],[19.176,52.656],[19.183,52.661],[19.109,52.669],[19.001,52.714],[18.983,52.736]]]}},{"type":"Feature","properties":{"k":"0418","n":"włocławski","s":["0401","0408","0411","0464","1002","1404","1419","3009"]},"geometry":{"type":"MultiPolygon","coordinates":[[[[19.001,52.714],[19.109,52.669],[19.183,52.661],[19.173,52.722],[19.122,52.739],[19.001,52.714]]],[[[19.289,52.393],[19.339,52.48],[19.396,52.513],[19.359,52.522],[19.378,52.569],[19.425,52.611],[19.371,52.625],[19.176,52.656],[19.106,52.613],[19.013,52.647],[19.018,52.676],[18.939,52.697],[18.983,52.736],[18.939,52.783],[18.836,52.769],[18.861,52.704],[18.829,52.648],[18.747,52.59],[18.758,52.542],[18.73,52.457],[18.685,52.428],[18.754,52.361],[18.814,52.352],[18.913,52.366],[18.941,52.392],[19.047,52.333],[19.101,52.348],[19.16,52.341],[19.289,52.393]]]]}},{"type":"Feature","properties":{"k":"0619","n":"włodawski","s":["0601","0603","0610","0613"]},"geometry":{"type":"Polygon","coordinates":[[[23.531,51.743],[23.465,51.781],[23.447,51.742],[23.321,51.657],[23.202,51.614],[23.155,51.556],[23.216,51.514],[23.177,51.459],[23.091,51.462],[23.064,51.422],[23.094,51.378],[23.195,51.358],[23.269,51.33],[23.285,51.362],[23.352,51.35],[23.478,51.374],[23.508,51.325],[23.56,51.317],[23.605,51.266],[23.709,51.277],[23.656,51.287],[23.636,51.329],[23.701,51.41],[23.651,51.446],[23.67,51.483],[23.565,51.534],[23.54,51.655],[23.558,51.702],[23.531,51.743]]]}},{"type":"Feature","properties":{"k":"2613","n":"włoszczowski","s":["1012","2404","2416","2602","2604","2605"]},"geometry":{"type":"Polygon","coordinates":[[[19.904,50.62],[20.001,50.623],[20.047,50.684],[20.102,50.706],[20.052,50.74],[20.095,50.773],[20.142,50.843],[20.216,50.83],[20.25,50.865],[20.204,50.921],[20.129,50.942],[20.118,50.985],[20.04,50.99],[20.018,50.962],[19.956,50.992],[19.937,51.025],[19.864,51.03],[19.83,50.968],[19.849,50.936],[19.747,50.866],[19.819,50.839],[19.795,50.784],[19.713,50.729],[19.811,50.725],[19.873,50.683],[19.835,50.651],[19.904,50.62]]]}},{"type":"Feature","properties":{"k":"2415","n":"wodzisławski","s":["2411","2412","2467","2473"]},"geometry":{"type":"Polygon","coordinates":[[[18.54,49.926],[18.59,49.999],[18.578,49.999],[18.572,49.999],[18.57,50.004],[18.574,50.006],[18.569,50.008],[18.555,50.014],[18.55,50.034],[18.523,50.038],[18.443,50.086],[18.442,50.086],[18.379,50.075],[18.349,50.058],[18.239,50.046],[18.333,49.949],[18.431,49.938],[18.485,49.906],[18.54,49.926]]]}},{"type":"Feature","properties":{"k":"3029","n":"wolsztyński","s":["0804","0809","0812","3005","3011","3013","3015"]},"geometry":{"type":"Polygon","coordinates":[[[16.426,51.974],[16.447,52.034],[16.377,52.055],[16.34,52.084],[16.283,52.058],[16.215,52.094],[16.159,52.176],[16.087,52.176],[16.073,52.244],[15.996,52.232],[15.861,52.183],[15.875,52.131],[15.833,52.111],[15.925,52.068],[15.988,52.067],[15.966,52.027],[16.011,51.981],[16.121,51.992],[16.126,51.934],[16.201,51.942],[16.274,51.932],[16.331,51.987],[16.426,51.974]]]}},{"type":"Feature","properties":{"k":"1434","n":"wołomiński","s":["1408","1412","1433","1435","1465"]},"geometry":{"type":"Polygon","coordinates":[[[21.085,52.337],[21.105,52.274],[21.171,52.277],[21.251,52.263],[21.32,52.275],[21.44,52.263],[21.401,52.305],[21.487,52.306],[21.497,52.329],[21.583,52.345],[21.643,52.379],[21.704,52.39],[21.718,52.502],[21.639,52.51],[21.597,52.553],[21.526,52.482],[21.427,52.463],[21.38,52.471],[21.306,52.533],[21.225,52.534],[21.143,52.519],[21.08,52.508],[21.065,52.478],[21.109,52.456],[21.096,52.402],[21.117,52.368],[21.085,52.337]]]}},{"type":"Feature","properties":{"k":"0222","n":"wołowski","s":["0204","0209","0211","0218","0220"]},"geometry":{"type":"Polygon","coordinates":[[[16.472,51.231],[16.629,51.251],[16.692,51.241],[16.725,51.26],[16.801,51.259],[16.808,51.335],[16.797,51.456],[16.764,51.485],[16.642,51.492],[16.541,51.511],[16.467,51.502],[16.438,51.428],[16.477,51.369],[16.461,51.326],[16.416,51.294],[16.456,51.273],[16.472,51.231]]]}},{"type":"Feature","properties":{"k":"0264","n":"Wrocław","s":["0218","0220","0223"]},"geometry":{"type":"Polygon","coordinates":[[[16.831,51.112],[16.923,51.098],[16.955,51.059],[17.028,51.043],[17.151,51.082],[17.137,51.128],[17.157,51.179],[17.1,51.176],[17.065,51.165],[16.958,51.209],[16.905,51.21],[16.828,51.184],[16.831,51.112]]]}},{"type":"Feature","properties":{"k":"0223","n":"wrocławski","s":["0202","0214","0215","0217","0218","0219","0220","0264"]},"geometry":{"type":"Polygon","coordinates":[[[17.1,51.176],[17.157,51.179],[17.137,51.128],[17.151,51.082],[17.028,51.043],[16.955,51.059],[16.923,51.098],[16.831,51.112],[16.783,51.101],[16.758,51.055],[16.603,51.002],[16.576,50.92],[16.69,50.939],[16.697,50.843],[16.876,50.832],[16.888,50.812],[16.914,50.826],[16.959,50.905],[17.017,50.917],[17.069,50.903],[17.113,50.922],[17.115,50.962],[17.16,50.968],[17.197,51.009],[17.251,51.017],[17.296,51.066],[17.376,51.104],[17.329,51.118],[17.345,51.169],[17.29,51.174],[17.311,51.215],[17.251,51.24],[17.243,51.267],[17.073,51.233],[17.1,51.176]]]}},{"type":"Feature","properties":{"k":"3030","n":"wrzesiński","s":["3003","3006","3020","3021","3023","3025"]},"geometry":{"type":"Polygon","coordinates":[[[17.701,52.376],[17.55,52.41],[17.441,52.401],[17.382,52.419],[17.369,52.345],[17.404,52.339],[17.407,52.285],[17.451,52.27],[17.465,52.198],[17.426,52.177],[17.466,52.112],[17.514,52.124],[17.548,52.145],[17.666,52.14],[17.657,52.111],[17.697,52.063],[17.824,52.088],[17.771,52.109],[17.779,52.143],[17.83,52.193],[17.766,52.2],[17.782,52.247],[17.716,52.271],[17.726,52.306],[17.701,52.376]]]}},{"type":"Feature","properties":{"k":"0812","n":"wschowski","s":["0203","0204","0804","3013","3029"]},"geometry":{"type":"Polygon","coordinates":[[[16.011,51.981],[15.971,51.926],[15.98,51.875],[15.909,51.867],[15.884,51.799],[15.968,51.788],[15.995,51.805],[16.133,51.759],[16.16,51.712],[16.218,51.715],[16.27,51.664],[16.269,51.685],[16.348,51.709],[16.377,51.763],[16.416,51.785],[16.401,51.838],[16.32,51.887],[16.252,51.901],[16.215,51.87],[16.109,51.904],[16.126,51.934],[16.121,51.992],[16.011,51.981]]]}},{"type":"Feature","properties":{"k":"2013","n":"wysokomazowiecki","s":["1416","1429","2002","2003","2010","2014"]},"geometry":{"type":"Polygon","coordinates":[[[22.774,52.857],[22.711,52.93],[22.763,52.926],[22.787,52.967],[22.761,53.007],[22.786,53.032],[22.863,53.055],[22.816,53.079],[22.81,53.121],[22.755,53.115],[22.661,53.144],[22.616,53.131],[22.594,53.094],[22.404,53.007],[22.35,52.972],[22.351,52.908],[22.293,52.871],[22.305,52.839],[22.25,52.827],[22.304,52.748],[22.339,52.751],[22.39,52.796],[22.454,52.788],[22.435,52.696],[22.451,52.625],[22.409,52.61],[22.458,52.585],[22.484,52.618],[22.604,52.599],[22.698,52.631],[22.717,52.675],[22.612,52.739],[22.676,52.757],[22.703,52.803],[22.764,52.819],[22.774,52.857]]]}},{"type":"Feature","properties":{"k":"1435","n":"wyszkowski","s":["1408","1411","1415","1416","1424","1433","1434"]},"geometry":{"type":"Polygon","coordinates":[[[21.773,52.665],[21.706,52.701],[21.705,52.796],[21.602,52.834],[21.598,52.808],[21.479,52.801],[21.321,52.777],[21.347,52.73],[21.288,52.677],[21.283,52.634],[21.233,52.569],[21.122,52.554],[21.143,52.519],[21.225,52.534],[21.306,52.533],[21.38,52.471],[21.427,52.463],[21.526,52.482],[21.597,52.553],[21.616,52.601],[21.773,52.665]]]}},{"type":"Feature","properties":{"k":"2478","n":"Zabrze","s":["2405","2413","2462","2466","2472"]},"geometry":{"type":"Polygon","coordinates":[[[18.8,50.374],[18.747,50.368],[18.732,50.332],[18.736,50.271],[18.791,50.247],[18.792,50.247],[18.831,50.32],[18.862,50.328],[18.8,50.374]]]}},{"type":"Feature","properties":{"k":"2014","n":"zambrowski","s":["1416","2002","2007","2013"]},"geometry":{"type":"Polygon","coordinates":[[[22.293,52.871],[22.351,52.908],[22.35,52.972],[22.404,53.007],[22.594,53.094],[22.505,53.141],[22.469,53.203],[22.412,53.184],[22.317,53.128],[22.314,53.088],[22.219,53.04],[22.156,53.061],[22.068,53.05],[22.028,52.993],[21.976,52.979],[22.029,52.939],[22.004,52.885],[22.038,52.851],[22.124,52.843],[22.207,52.883],[22.293,52.871]]]}},{"type":"Feature","properties":{"k":"0620","n":"zamojski","s":["0602","0603","0604","0606","0618","0664"]},"geometry":{"type":"Polygon","coordinates":[[[23.48,50.898],[23.375,50.891],[23.298,50.909],[23.248,50.855],[23.152,50.876],[23.138,50.842],[23.034,50.869],[22.989,50.823],[22.888,50.808],[22.797,50.769],[22.767,50.771],[22.801,50.657],[22.873,50.636],[22.902,50.595],[22.986,50.566],[23.004,50.522],[23.112,50.534],[23.18,50.496],[23.215,50.506],[23.272,50.475],[23.315,50.503],[23.295,50.548],[23.313,50.609],[23.396,50.609],[23.429,50.592],[23.557,50.601],[23.598,50.614],[23.596,50.679],[23.623,50.684],[23.661,50.791],[23.63,50.828],[23.649,50.854],[23.58,50.874],[23.48,50.898]],[[23.306,50.745],[23.258,50.692],[23.213,50.724],[23.306,50.745]]]}},{"type":"Feature","properties":{"k":"0664","n":"Zamość","s":["0620"]},"geometry":{"type":"Polygon","coordinates":[[[23.306,50.745],[23.213,50.724],[23.258,50.692],[23.306,50.745]]]}},{"type":"Feature","properties":{"k":"2416","n":"zawierciański","s":["1208","1212","2401","2404","2409","2465","2602","2613"]},"geometry":{"type":"Polygon","coordinates":[[[19.845,50.434],[19.9,50.453],[19.95,50.505],[19.902,50.539],[19.842,50.555],[19.862,50.622],[19.904,50.62],[19.835,50.651],[19.873,50.683],[19.811,50.725],[19.713,50.729],[19.786,50.668],[19.733,50.637],[19.681,50.663],[19.623,50.658],[19.62,50.623],[19.564,50.625],[19.414,50.591],[19.377,50.563],[19.391,50.525],[19.307,50.521],[19.27,50.491],[19.25,50.437],[19.405,50.363],[19.459,50.363],[19.519,50.417],[19.606,50.404],[19.672,50.416],[19.702,50.448],[19.845,50.434]]]}},{"type":"Feature","properties":{"k":"0224","n":"ząbkowicki","s":["0202","0208","0217","1607"]},"geometry":{"type":"Polygon","coordinates":[[[16.583,50.628],[16.626,50.561],[16.676,50.53],[16.708,50.476],[16.808,50.4],[16.86,50.408],[16.908,50.449],[16.947,50.48],[17.062,50.476],[17.062,50.537],[17.115,50.587],[17.165,50.614],[17.119,50.672],[17.065,50.694],[16.958,50.693],[16.881,50.709],[16.873,50.681],[16.806,50.66],[16.726,50.668],[16.615,50.625],[16.583,50.628]]]}},{"type":"Feature","properties":{"k":"1019","n":"zduńskowolski","s":["1003","1011","1014"]},"geometry":{"type":"Polygon","coordinates":[[[19.047,51.767],[18.969,51.744],[18.902,51.755],[18.84,51.727],[18.82,51.657],[18.88,51.601],[18.811,51.563],[18.871,51.519],[18.863,51.489],[18.921,51.468],[18.948,51.52],[19.042,51.584],[19.008,51.65],[19.045,51.679],[19.108,51.689],[19.047,51.767]]]}},{"type":"Feature","properties":{"k":"1020","n":"zgierski","s":["1004","1005","1006","1008","1011","1021","1061"]},"geometry":{"type":"Polygon","coordinates":[[[19.661,51.854],[19.724,51.947],[19.84,51.952],[19.832,51.977],[19.731,51.997],[19.68,52.029],[19.562,52.035],[19.466,51.997],[19.294,52.023],[19.129,52.001],[19.152,51.965],[19.136,51.928],[19.157,51.872],[19.139,51.825],[19.297,51.771],[19.337,51.784],[19.374,51.837],[19.456,51.836],[19.49,51.859],[19.568,51.838],[19.661,51.854]]]}},{"type":"Feature","properties":{"k":"0225","n":"zgorzelecki","s":["0201","0210","0810","0811"]},"geometry":{"type":"Polygon","coordinates":[[[15.276,51.43],[15.252,51.449],[15.151,51.442],[15.086,51.426],[14.974,51.364],[15.033,51.294],[14.983,51.113],[14.938,51.012],[14.823,50.871],[15.002,50.869],[14.99,50.922],[15.017,50.967],[14.968,50.99],[15.013,51.016],[15.016,51.02],[15.103,51.012],[15.106,51.007],[15.099,50.998],[15.101,50.995],[15.168,51.019],[15.121,51.08],[15.131,51.126],[15.217,51.193],[15.214,51.224],[15.256,51.26],[15.299,51.268],[15.286,51.32],[15.249,51.368],[15.276,51.43]]]}},{"type":"Feature","properties":{"k":"2005","n":"hajnowski","s":["2002","2003","2010"]},"geometry":{"type":"Polygon","coordinates":[[[23.916,52.905],[23.824,52.911],[23.79,52.938],[23.624,52.933],[23.616,52.955],[23.493,52.99],[23.375,52.965],[23.391,52.905],[23.33,52.894],[23.349,52.817],[23.371,52.808],[23.378,52.726],[23.402,52.685],[23.369,52.641],[23.329,52.658],[23.276,52.597],[23.175,52.566],[23.193,52.543],[23.267,52.531],[23.258,52.49],[23.278,52.441],[23.314,52.427],[23.408,52.512],[23.54,52.58],[23.641,52.608],[23.756,52.615],[23.939,52.713],[23.94,52.813],[23.916,52.905]]]}},{"type":"Feature","properties":{"k":"0604","n":"hrubieszowski","s":["0603","0618","0620"]},"geometry":{"type":"Polygon","coordinates":[[[23.975,50.413],[24.035,50.445],[24.07,50.503],[24.099,50.6],[24.072,50.721],[24.018,50.725],[24.01,50.772],[23.968,50.776],[23.99,50.838],[24.097,50.837],[24.143,50.858],[24.059,50.892],[23.97,50.951],[23.937,51.003],[23.838,50.942],[23.721,50.922],[23.694,50.941],[23.6,50.931],[23.58,50.874],[23.649,50.854],[23.63,50.828],[23.661,50.791],[23.623,50.684],[23.703,50.673],[23.773,50.64],[23.753,50.598],[23.805,50.592],[23.889,50.557],[23.964,50.568],[23.962,50.527],[23.876,50.471],[23.975,50.413]]]}},{"type":"Feature","properties":{"k":"2807","n":"iławski","s":["0406","2207","2216","2803","2812","2815"]},"geometry":{"type":"Polygon","coordinates":[[[19.323,53.814],[19.301,53.752],[19.213,53.691],[19.215,53.649],[19.13,53.608],[19.129,53.588],[19.2,53.57],[19.219,53.524],[19.376,53.551],[19.412,53.569],[19.572,53.523],[19.67,53.455],[19.777,53.439],[19.829,53.456],[19.904,53.436],[19.948,53.438],[19.896,53.484],[19.882,53.56],[19.739,53.617],[19.808,53.671],[19.704,53.7],[19.751,53.779],[19.739,53.832],[19.673,53.888],[19.585,53.893],[19.56,53.917],[19.519,53.847],[19.454,53.798],[19.323,53.814]]]}},{"type":"Feature","properties":{"k":"0407","n":"inowrocławski","s":["0401","0403","0409","0411","0415","0419","3010"]},"geometry":{"type":"Polygon","coordinates":[[[17.996,52.797],[18.039,52.768],[18.011,52.689],[18.132,52.692],[18.227,52.733],[18.242,52.607],[18.361,52.592],[18.352,52.543],[18.377,52.538],[18.476,52.579],[18.457,52.646],[18.47,52.689],[18.507,52.711],[18.501,52.748],[18.604,52.754],[18.625,52.787],[18.542,52.82],[18.565,52.879],[18.513,52.908],[18.496,52.949],[18.361,52.946],[18.367,52.987],[18.307,52.991],[18.244,52.974],[18.218,52.946],[18.112,52.94],[18.047,52.971],[18.009,52.963],[17.968,52.924],[18.033,52.908],[18.071,52.849],[18.053,52.806],[17.996,52.797]]]}},{"type":"Feature","properties":{"k":"0605","n":"janowski","s":["0602","0607","0609","1812","1818"]},"geometry":{"type":"Polygon","coordinates":[[[22.52,50.583],[22.594,50.592],[22.681,50.638],[22.614,50.713],[22.676,50.77],[22.614,50.833],[22.578,50.838],[22.532,50.848],[22.537,50.909],[22.475,50.913],[22.418,50.889],[22.404,50.818],[22.331,50.798],[22.225,50.837],[22.163,50.797],[22.201,50.752],[22.147,50.673],[22.223,50.66],[22.246,50.625],[22.349,50.614],[22.407,50.586],[22.52,50.583]]]}},{"type":"Feature","properties":{"k":"3006","n":"jarociński","s":["3004","3012","3020","3025","3026","3030"]},"geometry":{"type":"Polygon","coordinates":[[[17.514,51.901],[17.611,51.893],[17.677,51.902],[17.704,51.949],[17.697,52.063],[17.657,52.111],[17.666,52.14],[17.548,52.145],[17.514,52.124],[17.492,52.051],[17.407,52.013],[17.327,52.011],[17.324,51.987],[17.223,51.988],[17.189,51.968],[17.241,51.952],[17.337,51.886],[17.397,51.873],[17.442,51.896],[17.514,51.901]]]}},{"type":"Feature","properties":{"k":"1804","n":"jarosławski","s":["1809","1813","1814"]},"geometry":{"type":"Polygon","coordinates":[[[22.418,49.888],[22.48,49.849],[22.592,49.837],[22.664,49.866],[22.672,49.898],[22.756,49.92],[22.782,49.895],[22.836,49.906],[22.894,49.888],[22.956,49.924],[22.96,49.949],[23.093,49.929],[23.154,49.981],[23.057,49.986],[23.047,50.04],[22.915,50.099],[22.93,50.159],[22.798,50.21],[22.726,50.193],[22.764,50.143],[22.67,50.129],[22.584,50.132],[22.6,50.042],[22.56,50.027],[22.565,49.963],[22.47,49.945],[22.418,49.888]]]}},{"type":"Feature","properties":{"k":"1805","n":"jasielski","s":["1205","1216","1803","1807","1819"]},"geometry":{"type":"Polygon","coordinates":[[[21.58,49.435],[21.57,49.457],[21.614,49.497],[21.593,49.545],[21.621,49.633],[21.577,49.684],[21.62,49.709],[21.618,49.798],[21.56,49.786],[21.553,49.828],[21.477,49.841],[21.443,49.834],[21.407,49.829],[21.405,49.838],[21.379,49.867],[21.35,49.838],[21.297,49.843],[21.242,49.776],[21.31,49.749],[21.347,49.69],[21.363,49.634],[21.327,49.594],[21.375,49.563],[21.411,49.468],[21.399,49.434],[21.434,49.412],[21.58,49.435]]]}},{"type":"Feature","properties":{"k":"2467","n":"Jastrzębie-Zdrój","s":["2403","2410","2412","2415","2479"]},"geometry":{"type":"Polygon","coordinates":[[[18.63,49.9],[18.682,49.938],[18.652,49.959],[18.68,50.005],[18.611,50.018],[18.59,49.999],[18.54,49.926],[18.576,49.91],[18.63,49.9]]]}},{"type":"Feature","properties":{"k":"0205","n":"jaworski","s":["0206","0207","0209","0218","0219","0221","0226"]},"geometry":{"type":"Polygon","coordinates":[[[16.204,50.886],[16.159,50.951],[16.202,50.971],[16.215,51.019],[16.269,51.012],[16.337,51.029],[16.475,51.106],[16.442,51.126],[16.349,51.15],[16.304,51.115],[16.236,51.099],[16.153,51.137],[16.096,51.101],[16.048,51.115],[16.01,51.079],[15.933,51.061],[16.001,50.991],[15.976,50.948],[15.933,50.924],[15.962,50.895],[16.034,50.896],[16.103,50.859],[16.179,50.864],[16.204,50.886]]]}},{"type":"Feature","properties":{"k":"2468","n":"Jaworzno","s":["1203","1212","1213","2401","2414","2470","2475"]},"geometry":{"type":"Polygon","coordinates":[[[19.259,50.117],[19.332,50.144],[19.364,50.191],[19.442,50.227],[19.323,50.259],[19.312,50.258],[19.206,50.252],[19.161,50.226],[19.242,50.161],[19.254,50.134],[19.259,50.117]]]}},{"type":"Feature","properties":{"k":"0261","n":"Jelenia Góra","s":["0206"]},"geometry":{"type":"Polygon","coordinates":[[[15.62,50.768],[15.666,50.847],[15.778,50.868],[15.802,50.916],[15.726,50.928],[15.658,50.896],[15.578,50.779],[15.62,50.768]]]}},{"type":"Feature","properties":{"k":"2602","n":"jędrzejowski","s":["1208","2416","2604","2608","2613"]},"geometry":{"type":"Polygon","coordinates":[[[19.95,50.505],[19.988,50.52],[20.076,50.51],[20.094,50.49],[20.194,50.496],[20.273,50.47],[20.322,50.45],[20.369,50.489],[20.33,50.502],[20.366,50.548],[20.459,50.537],[20.5,50.568],[20.509,50.638],[20.584,50.668],[20.463,50.742],[20.419,50.747],[20.382,50.783],[20.323,50.799],[20.308,50.848],[20.25,50.865],[20.216,50.83],[20.142,50.843],[20.095,50.773],[20.052,50.74],[20.102,50.706],[20.047,50.684],[20.001,50.623],[19.904,50.62],[19.862,50.622],[19.842,50.555],[19.902,50.539],[19.95,50.505]]]}},{"type":"Feature","properties":{"k":"3007","n":"kaliski","s":["1014","3010","3017","3018","3020","3027","3061"]},"geometry":{"type":"Polygon","coordinates":[[[18.359,51.536],[18.381,51.652],[18.364,51.682],[18.408,51.727],[18.472,51.851],[18.327,51.926],[18.297,51.981],[18.229,52.039],[18.168,51.986],[18.061,51.98],[17.947,52],[17.98,51.959],[17.934,51.936],[18.015,51.801],[18.043,51.78],[18.096,51.794],[18.149,51.734],[18.087,51.706],[18.111,51.667],[18.075,51.638],[18.109,51.6],[18.177,51.58],[18.177,51.546],[18.359,51.536]]]}},{"type":"Feature","properties":{"k":"3061","n":"Kalisz","s":["3007","3017","3020"]},"geometry":{"type":"Polygon","coordinates":[[[18.087,51.706],[18.149,51.734],[18.096,51.794],[18.043,51.78],[18.01,51.76],[18.01,51.714],[18.087,51.706]]]}},{"type":"Feature","properties":{"k":"0207","n":"kamiennogórski","s":["0205","0206","0221"]},"geometry":{"type":"Polygon","coordinates":[[[16.103,50.859],[16.034,50.896],[15.962,50.895],[15.957,50.849],[15.889,50.804],[15.862,50.745],[15.832,50.743],[15.863,50.68],[15.989,50.685],[16.02,50.6],[16.107,50.662],[16.165,50.683],[16.068,50.791],[16.068,50.826],[16.103,50.859]]]}},{"type":"Feature","properties":{"k":"3207","n":"kamieński","s":["3204","3205","3263"]},"geometry":{"type":"Polygon","coordinates":[[[15.083,53.794],[15.039,53.837],[15.058,53.965],[14.981,54.029],[14.895,54.056],[14.726,54.025],[14.503,53.966],[14.391,53.917],[14.42,53.864],[14.441,53.773],[14.579,53.787],[14.658,53.768],[14.794,53.811],[14.822,53.794],[14.895,53.814],[14.951,53.776],[15.083,53.794]]]}},{"type":"Feature","properties":{"k":"0206","n":"karkonoski","s":["0205","0207","0212","0226","0261"]},"geometry":{"type":"Polygon","coordinates":[[[15.62,50.768],[15.706,50.737],[15.832,50.743],[15.862,50.745],[15.889,50.804],[15.957,50.849],[15.962,50.895],[15.933,50.924],[15.88,50.945],[15.832,50.94],[15.822,50.98],[15.738,51.011],[15.672,50.959],[15.522,50.939],[15.413,50.833],[15.368,50.836],[15.392,50.776],[15.45,50.807],[15.524,50.777],[15.578,50.779],[15.658,50.896],[15.726,50.928],[15.802,50.916],[15.778,50.868],[15.666,50.847],[15.62,50.768]]]}},{"type":"Feature","properties":{"k":"2205","n":"kartuski","s":["2201","2204","2206","2208","2215","2261","2262"]},"geometry":{"type":"Polygon","coordinates":[[[17.8,54.178],[17.863,54.191],[17.908,54.174],[18.062,54.181],[18.114,54.202],[18.223,54.188],[18.255,54.233],[18.433,54.279],[18.488,54.317],[18.441,54.357],[18.466,54.401],[18.451,54.443],[18.408,54.476],[18.417,54.456],[18.347,54.424],[18.204,54.436],[18.144,54.408],[18.096,54.429],[17.971,54.434],[17.881,54.41],[17.802,54.386],[17.75,54.354],[17.744,54.346],[17.708,54.304],[17.72,54.209],[17.8,54.178]]]}},{"type":"Feature","properties":{"k":"2469","n":"Katowice","s":["2401","2408","2414","2463","2470","2472","2474","2475","2477"]},"geometry":{"type":"Polygon","coordinates":[[[18.934,50.159],[19.022,50.176],[19.082,50.131],[19.11,50.161],[19.092,50.21],[19.122,50.267],[19.124,50.266],[19.122,50.267],[19.071,50.294],[19.061,50.295],[19.001,50.296],[18.964,50.284],[18.956,50.239],[18.945,50.232],[18.944,50.232],[18.945,50.232],[18.944,50.232],[18.943,50.232],[18.897,50.219],[18.934,50.159]]]}},{"type":"Feature","properties":{"k":"0401","n":"aleksandrowski","s":["0407","0408","0411","0415","0418"]},"geometry":{"type":"Polygon","coordinates":[[[18.565,52.879],[18.542,52.82],[18.625,52.787],[18.604,52.754],[18.501,52.748],[18.507,52.711],[18.651,52.726],[18.722,52.709],[18.829,52.648],[18.861,52.704],[18.836,52.769],[18.939,52.783],[18.907,52.836],[18.813,52.906],[18.723,52.933],[18.69,52.898],[18.565,52.879]]]}},{"type":"Feature","properties":{"k":"2001","n":"augustowski","s":["2004","2008","2009","2011","2012","2805"]},"geometry":{"type":"Polygon","coordinates":[[[23.512,53.916],[23.464,53.895],[23.394,53.908],[23.33,53.951],[23.226,53.96],[23.164,53.952],[23.08,53.962],[23.128,54.021],[22.988,54.016],[22.872,53.996],[22.887,53.968],[22.822,53.928],[22.778,53.923],[22.779,53.866],[22.727,53.833],[22.697,53.762],[22.744,53.73],[22.729,53.699],[22.787,53.681],[22.844,53.687],[22.878,53.675],[22.887,53.603],[22.93,53.585],[23.067,53.641],[23.069,53.659],[23.203,53.713],[23.296,53.708],[23.34,53.722],[23.415,53.7],[23.589,53.696],[23.582,53.744],[23.549,53.768],[23.548,53.856],[23.512,53.916]]]}},{"type":"Feature","properties":{"k":"2801","n":"bartoszycki","s":["2802","2808","2809","2814"]},"geometry":{"type":"Polygon","coordinates":[[[21.221,54.335],[21.007,54.354],[20.818,54.36],[20.439,54.388],[20.314,54.402],[20.335,54.372],[20.277,54.341],[20.261,54.275],[20.309,54.271],[20.394,54.222],[20.493,54.185],[20.592,54.192],[20.732,54.214],[20.817,54.119],[20.781,54.074],[20.793,54.035],[20.844,54.023],[20.946,54.05],[20.994,54.029],[21.037,54.057],[21.082,54.037],[21.057,54.128],[21.025,54.124],[21.058,54.259],[21.179,54.26],[21.167,54.296],[21.221,54.335]]]}},{"type":"Feature","properties":{"k":"1001","n":"bełchatowski","s":["1003","1008","1009","1010","1012","1017"]},"geometry":{"type":"Polygon","coordinates":[[[18.866,51.281],[19.089,51.297],[19.11,51.253],[19.188,51.249],[19.313,51.184],[19.392,51.195],[19.417,51.259],[19.46,51.286],[19.488,51.308],[19.499,51.362],[19.46,51.453],[19.455,51.505],[19.414,51.525],[19.329,51.522],[19.273,51.555],[19.258,51.514],[19.196,51.476],[19.108,51.476],[19.076,51.459],[19.047,51.354],[18.897,51.364],[18.861,51.323],[18.866,51.281]]]}},{"type":"Feature","properties":{"k":"2401","n":"będziński","s":["1212","2409","2413","2416","2465","2468","2469","2471","2474","2475"]},"geometry":{"type":"MultiPolygon","coordinates":[[[[19.323,50.259],[19.382,50.273],[19.407,50.317],[19.354,50.326],[19.285,50.292],[19.312,50.258],[19.323,50.259]]],[[[19.166,50.313],[19.183,50.386],[19.25,50.437],[19.27,50.491],[19.307,50.521],[19.268,50.536],[19.214,50.522],[19.134,50.523],[19.089,50.457],[19.024,50.449],[18.971,50.413],[18.963,50.374],[19.042,50.349],[19.061,50.295],[19.071,50.294],[19.166,50.313]]]]}},{"type":"Feature","properties":{"k":"0601","n":"bialski","s":["0611","0613","0615","0619","0661","1410","1426","2010"]},"geometry":{"type":"Polygon","coordinates":[[[23.531,51.743],[23.631,51.782],[23.64,51.805],[23.607,51.876],[23.689,51.992],[23.654,52.071],[23.599,52.117],[23.543,52.12],[23.491,52.169],[23.4,52.195],[23.2,52.23],[23.178,52.283],[23.128,52.288],[23.033,52.219],[23.029,52.174],[22.933,52.137],[22.903,52.11],[22.902,52.064],[22.678,52.109],[22.648,52.091],[22.669,52.063],[22.623,52.019],[22.634,51.969],[22.654,51.939],[22.771,51.938],[22.791,51.857],[22.882,51.863],[22.968,51.893],[23.036,51.894],[23.063,51.868],[23.023,51.78],[23.115,51.753],[23.172,51.705],[23.231,51.714],[23.288,51.696],[23.321,51.657],[23.447,51.742],[23.465,51.781],[23.531,51.743]],[[23.178,52.008],[23.074,52.003],[23.094,52.054],[23.21,52.057],[23.178,52.008]]]}},{"type":"Feature","properties":{"k":"0661","n":"Biała Podlaska","s":["0601"]},"geometry":{"type":"Polygon","coordinates":[[[23.178,52.008],[23.21,52.057],[23.094,52.054],[23.074,52.003],[23.178,52.008]]]}},{"type":"Feature","properties":{"k":"1401","n":"białobrzeski","s":["1406","1407","1423","1425"]},"geometry":{"type":"Polygon","coordinates":[[[20.799,51.512],[20.891,51.515],[21.001,51.502],[21.025,51.535],[21.118,51.586],[21.206,51.589],[21.232,51.636],[21.173,51.674],[21.176,51.732],[21.125,51.728],[21.073,51.698],[20.945,51.754],[20.878,51.722],[20.77,51.691],[20.814,51.638],[20.651,51.606],[20.644,51.584],[20.705,51.577],[20.722,51.54],[20.799,51.512]]]}},{"type":"Feature","properties":{"k":"3201","n":"białogardzki","s":["3208","3209","3215","3216"]},"geometry":{"type":"Polygon","coordinates":[[[16.441,53.904],[16.431,53.967],[16.347,54.009],[16.245,54.022],[16.122,54.058],[16.077,54.112],[16.003,54.073],[15.911,54.077],[15.936,54.106],[15.88,54.146],[15.843,54.097],[15.792,54.068],[15.749,54.077],[15.72,53.991],[15.726,53.964],[15.764,53.953],[15.787,53.891],[15.902,53.923],[16.069,53.898],[16.145,53.878],[16.201,53.825],[16.265,53.871],[16.326,53.877],[16.366,53.917],[16.441,53.904]]]}},{"type":"Feature","properties":{"k":"2002","n":"białostocki","s":["2003","2005","2007","2008","2011","2013","2014","2061"]},"geometry":{"type":"Polygon","coordinates":[[[23.118,53.339],[23.11,53.32],[22.978,53.287],[22.885,53.227],[22.78,53.214],[22.71,53.277],[22.606,53.211],[22.48,53.213],[22.469,53.203],[22.505,53.141],[22.594,53.094],[22.616,53.131],[22.661,53.144],[22.755,53.115],[22.81,53.121],[22.816,53.079],[22.863,53.055],[22.786,53.032],[22.761,53.007],[22.787,52.967],[22.763,52.926],[22.711,52.93],[22.774,52.857],[22.87,52.865],[22.939,52.888],[22.935,52.922],[23.049,52.903],[23.111,52.914],[23.265,52.906],[23.33,52.894],[23.391,52.905],[23.375,52.965],[23.493,52.99],[23.616,52.955],[23.624,52.933],[23.79,52.938],[23.824,52.911],[23.916,52.905],[23.925,53.025],[23.872,53.082],[23.91,53.167],[23.838,53.15],[23.749,53.157],[23.536,53.21],[23.513,53.256],[23.399,53.277],[23.395,53.31],[23.319,53.367],[23.16,53.383],[23.118,53.339]],[[23.08,53.179],[23.2,53.18],[23.241,53.167],[23.227,53.079],[23.08,53.111],[23.08,53.179]]]}},{"type":"Feature","properties":{"k":"2061","n":"Białystok","s":["2002"]},"geometry":{"type":"Polygon","coordinates":[[[23.08,53.179],[23.08,53.111],[23.227,53.079],[23.241,53.167],[23.2,53.18],[23.08,53.179]]]}},{"type":"Feature","properties":{"k":"2003","n":"bielski","s":["2002","2005","2010","2013"]},"geometry":{"type":"Polygon","coordinates":[[[22.717,52.675],[22.743,52.688],[22.881,52.645],[22.936,52.592],[22.994,52.575],[23.11,52.585],[23.175,52.566],[23.276,52.597],[23.329,52.658],[23.369,52.641],[23.402,52.685],[23.378,52.726],[23.371,52.808],[23.349,52.817],[23.33,52.894],[23.265,52.906],[23.111,52.914],[23.049,52.903],[22.935,52.922],[22.939,52.888],[22.87,52.865],[22.774,52.857],[22.764,52.819],[22.703,52.803],[22.676,52.757],[22.612,52.739],[22.717,52.675]]]}},{"type":"Feature","properties":{"k":"2402","n":"bielski","s":["1213","1218","2403","2410","2417","2461"]},"geometry":{"type":"Polygon","coordinates":[[[19.093,49.957],[19.005,49.944],[18.977,49.925],[18.891,49.912],[18.839,49.876],[18.84,49.81],[18.955,49.744],[18.973,49.841],[19.018,49.87],[19.114,49.875],[19.126,49.792],[19.063,49.763],[19.003,49.761],[18.986,49.737],[18.994,49.711],[18.955,49.679],[19.002,49.657],[19.05,49.703],[19.117,49.707],[19.142,49.815],[19.186,49.829],[19.22,49.789],[19.317,49.778],[19.29,49.851],[19.203,49.872],[19.185,49.95],[19.119,49.939],[19.093,49.957]]]}},{"type":"Feature","properties":{"k":"2461","n":"Bielsko-Biała","s":["2402","2403"]},"geometry":{"type":"Polygon","coordinates":[[[18.986,49.737],[19.003,49.761],[19.063,49.763],[19.126,49.792],[19.114,49.875],[19.018,49.87],[18.973,49.841],[18.955,49.744],[18.986,49.737]]]}},{"type":"Feature","properties":{"k":"2414","n":"bieruńsko-lędziński","s":["1213","2410","2468","2469","2470","2477"]},"geometry":{"type":"Polygon","coordinates":[[[19.145,50.039],[19.213,50.074],[19.254,50.134],[19.242,50.161],[19.11,50.161],[19.082,50.131],[19.036,50.077],[19.053,50.027],[19.145,50.039]]]}},{"type":"Feature","properties":{"k":"1801","n":"bieszczadzki","s":["1813","1817","1821"]},"geometry":{"type":"Polygon","coordinates":[[[22.546,49.092],[22.583,49.097],[22.638,49.061],[22.867,49.041],[22.876,49.097],[22.708,49.175],[22.735,49.212],[22.751,49.317],[22.747,49.36],[22.697,49.495],[22.641,49.53],[22.686,49.573],[22.604,49.617],[22.584,49.67],[22.463,49.59],[22.428,49.593],[22.423,49.554],[22.495,49.522],[22.476,49.49],[22.534,49.463],[22.483,49.435],[22.474,49.377],[22.516,49.339],[22.449,49.248],[22.481,49.186],[22.553,49.157],[22.546,49.092]]]}},{"type":"Feature","properties":{"k":"0602","n":"biłgorajski","s":["0605","0606","0609","0618","0620","1808","1809","1812","1814"]},"geometry":{"type":"Polygon","coordinates":[[[23.18,50.496],[23.112,50.534],[23.004,50.522],[22.986,50.566],[22.902,50.595],[22.873,50.636],[22.801,50.657],[22.767,50.771],[22.797,50.769],[22.888,50.808],[22.809,50.835],[22.771,50.884],[22.715,50.88],[22.578,50.838],[22.614,50.833],[22.676,50.77],[22.614,50.713],[22.681,50.638],[22.594,50.592],[22.52,50.583],[22.541,50.506],[22.567,50.483],[22.456,50.452],[22.405,50.394],[22.515,50.346],[22.642,50.358],[22.608,50.311],[22.638,50.303],[22.841,50.298],[23.019,50.287],[23.141,50.367],[23.048,50.422],[23.18,50.496]]]}},{"type":"Feature","properties":{"k":"1201","n":"bocheński","s":["1202","1206","1207","1209","1214","1219"]},"geometry":{"type":"Polygon","coordinates":[[[20.511,50.139],[20.443,50.143],[20.354,50.117],[20.348,50.1],[20.388,50.022],[20.321,50.019],[20.331,49.977],[20.305,49.913],[20.233,49.864],[20.244,49.83],[20.29,49.806],[20.344,49.816],[20.364,49.779],[20.47,49.781],[20.518,49.798],[20.535,49.834],[20.579,49.838],[20.537,49.931],[20.553,49.994],[20.577,49.999],[20.623,50.066],[20.529,50.08],[20.511,50.139]]]}},{"type":"Feature","properties":{"k":"0201","n":"bolesławiecki","s":["0209","0210","0212","0216","0225","0226","0810"]},"geometry":{"type":"Polygon","coordinates":[[[15.84,51.384],[15.817,51.409],[15.808,51.503],[15.714,51.517],[15.655,51.472],[15.595,51.47],[15.488,51.528],[15.382,51.512],[15.339,51.474],[15.325,51.419],[15.276,51.43],[15.249,51.368],[15.286,51.32],[15.299,51.268],[15.256,51.26],[15.214,51.224],[15.217,51.193],[15.394,51.175],[15.428,51.12],[15.534,51.188],[15.633,51.186],[15.698,51.159],[15.74,51.171],[15.753,51.219],[15.744,51.253],[15.784,51.29],[15.772,51.319],[15.84,51.384]]]}},{"type":"Feature","properties":{"k":"2802","n":"braniewski","s":["2210","2801","2804","2809"]},"geometry":{"type":"Polygon","coordinates":[[[20.314,54.402],[19.649,54.453],[19.636,54.392],[19.619,54.302],[19.68,54.265],[19.781,54.246],[19.787,54.104],[19.856,54.124],[19.979,54.134],[19.965,54.181],[20.087,54.178],[20.186,54.202],[20.268,54.182],[20.333,54.187],[20.394,54.222],[20.309,54.271],[20.261,54.275],[20.277,54.341],[20.335,54.372],[20.314,54.402]]]}},{"type":"Feature","properties":{"k":"0402","n":"brodnicki","s":["0405","0406","0412","0417","1437","2803","2812"]},"geometry":{"type":"Polygon","coordinates":[[[19.526,53.352],[19.427,53.36],[19.381,53.411],[19.291,53.389],[19.245,53.411],[19.224,53.457],[19.153,53.443],[19.107,53.381],[19.084,53.357],[19.131,53.321],[19.142,53.228],[19.209,53.231],[19.254,53.2],[19.32,53.189],[19.373,53.106],[19.471,53.116],[19.59,53.08],[19.647,53.112],[19.762,53.152],[19.744,53.228],[19.683,53.258],[19.718,53.302],[19.69,53.336],[19.587,53.332],[19.526,53.352]]]}},{"type":"Feature","properties":{"k":"1202","n":"brzeski","s":["1201","1207","1210","1214","1216"]},"geometry":{"type":"Polygon","coordinates":[[[20.713,49.807],[20.721,49.88],[20.758,49.927],[20.79,49.956],[20.746,50.007],[20.781,50.07],[20.759,50.133],[20.697,50.164],[20.682,50.201],[20.58,50.142],[20.511,50.139],[20.529,50.08],[20.623,50.066],[20.577,49.999],[20.553,49.994],[20.537,49.931],[20.579,49.838],[20.535,49.834],[20.518,49.798],[20.585,49.762],[20.63,49.796],[20.713,49.807]]]}},{"type":"Feature","properties":{"k":"1601","n":"brzeski","s":["0215","0217","1606","1607","1609"]},"geometry":{"type":"Polygon","coordinates":[[[17.692,50.919],[17.637,50.978],[17.544,51],[17.502,50.976],[17.431,50.967],[17.433,50.916],[17.382,50.925],[17.384,50.862],[17.328,50.851],[17.319,50.821],[17.266,50.772],[17.232,50.615],[17.335,50.615],[17.374,50.67],[17.406,50.666],[17.41,50.608],[17.467,50.615],[17.516,50.729],[17.607,50.711],[17.739,50.742],[17.751,50.78],[17.604,50.831],[17.622,50.866],[17.692,50.919]]]}},{"type":"Feature","properties":{"k":"1021","n":"brzeziński","s":["1005","1006","1015","1016","1020"]},"geometry":{"type":"Polygon","coordinates":[[[19.84,51.952],[19.724,51.947],[19.661,51.854],[19.68,51.779],[19.765,51.749],[19.844,51.783],[19.909,51.776],[19.94,51.74],[19.981,51.741],[20.016,51.773],[20.014,51.827],[19.89,51.862],[19.869,51.916],[19.84,51.952]]]}},{"type":"Feature","properties":{"k":"1802","n":"brzozowski","s":["1807","1813","1816","1817","1819"]},"geometry":{"type":"Polygon","coordinates":[[[22.075,49.638],[22.114,49.655],[22.191,49.651],[22.218,49.627],[22.327,49.686],[22.26,49.712],[22.295,49.745],[22.22,49.773],[22.152,49.784],[22.096,49.836],[22.02,49.838],[21.942,49.806],[21.895,49.781],[21.906,49.74],[21.852,49.644],[21.964,49.618],[22.075,49.638]]]}},{"type":"Feature","properties":{"k":"2601","n":"buski","s":["1204","2603","2604","2608","2612"]},"geometry":{"type":"Polygon","coordinates":[[[21.149,50.353],[21.126,50.403],[21.081,50.433],[20.981,50.458],[21.015,50.489],[21.076,50.477],[21.096,50.52],[21.053,50.566],[20.976,50.558],[20.874,50.636],[20.827,50.634],[20.775,50.537],[20.727,50.567],[20.684,50.546],[20.617,50.452],[20.652,50.375],[20.627,50.331],[20.688,50.29],[20.775,50.278],[20.945,50.313],[21.062,50.317],[21.149,50.353]]]}},{"type":"Feature","properties":{"k":"0403","n":"bydgoski","s":["0404","0407","0410","0413","0414","0415","0416","0419","0461"]},"geometry":{"type":"Polygon","coordinates":[[[18.367,52.987],[18.407,53.04],[18.3,53.08],[18.154,53.099],[18.111,53.065],[18.04,53.05],[18.028,53.095],[17.948,53.103],[17.958,53.15],[17.995,53.18],[18.118,53.167],[18.146,53.103],[18.35,53.17],[18.349,53.21],[18.28,53.253],[18.185,53.279],[18.117,53.33],[18.058,53.341],[18.034,53.394],[17.97,53.384],[17.932,53.43],[17.849,53.416],[17.77,53.433],[17.771,53.402],[17.706,53.372],[17.687,53.342],[17.732,53.321],[17.702,53.286],[17.686,53.212],[17.747,53.181],[17.744,53.142],[17.779,53.1],[17.84,53.092],[17.878,53.043],[17.963,53.032],[18.009,52.963],[18.047,52.971],[18.112,52.94],[18.218,52.946],[18.244,52.974],[18.307,52.991],[18.367,52.987]]]}},{"type":"Feature","properties":{"k":"0461","n":"Bydgoszcz","s":["0403","0415"]},"geometry":{"type":"Polygon","coordinates":[[[18.146,53.103],[18.118,53.167],[17.995,53.18],[17.958,53.15],[17.948,53.103],[18.028,53.095],[18.04,53.05],[18.111,53.065],[18.154,53.099],[18.146,53.103]]]}},{"type":"Feature","properties":{"k":"2462","n":"Bytom","s":["2413","2463","2471","2472","2476","2478"]},"geometry":{"type":"Polygon","coordinates":[[[18.862,50.328],[18.896,50.325],[18.927,50.318],[18.959,50.335],[18.915,50.372],[18.834,50.413],[18.8,50.374],[18.862,50.328]]]}},{"type":"Feature","properties":{"k":"2201","n":"bytowski","s":["2202","2203","2205","2206","2208","2212","3209","3215"]},"geometry":{"type":"Polygon","coordinates":[[[17.647,54.026],[17.67,54.068],[17.734,54.107],[17.722,54.127],[17.8,54.178],[17.72,54.209],[17.708,54.304],[17.744,54.346],[17.75,54.354],[17.664,54.382],[17.6,54.443],[17.509,54.428],[17.423,54.299],[17.426,54.27],[17.353,54.244],[17.345,54.313],[17.283,54.297],[17.24,54.314],[17.15,54.283],[17.071,54.319],[17.017,54.265],[17.008,54.189],[16.973,54.156],[16.921,54.153],[16.888,54.12],[16.793,54.085],[16.793,53.986],[16.874,53.977],[16.876,53.945],[16.982,53.905],[17.121,54.011],[17.232,53.982],[17.227,53.958],[17.298,53.873],[17.367,53.94],[17.401,53.919],[17.489,53.923],[17.519,53.977],[17.575,53.989],[17.582,54.031],[17.647,54.026]]]}},{"type":"Feature","properties":{"k":"0662","n":"Chełm","s":["0603"]},"geometry":{"type":"Polygon","coordinates":[[[23.485,51.118],[23.532,51.151],[23.463,51.168],[23.424,51.137],[23.485,51.118]]]}},{"type":"Feature","properties":{"k":"0404","n":"chełmiński","s":["0403","0406","0414","0415","0417"]},"geometry":{"type":"Polygon","coordinates":[[[18.35,53.17],[18.568,53.227],[18.653,53.225],[18.725,53.263],[18.738,53.319],[18.724,53.365],[18.623,53.431],[18.494,53.416],[18.45,53.379],[18.368,53.348],[18.28,53.253],[18.349,53.21],[18.35,53.17]]]}},{"type":"Feature","properties":{"k":"0603","n":"chełmski","s":["0604","0606","0610","0617","0619","0620","0662"]},"geometry":{"type":"Polygon","coordinates":[[[23.48,50.898],[23.58,50.874],[23.6,50.931],[23.694,50.941],[23.721,50.922],[23.838,50.942],[23.937,51.003],[23.911,51.074],[23.876,51.079],[23.87,51.14],[23.728,51.236],[23.709,51.277],[23.605,51.266],[23.56,51.317],[23.508,51.325],[23.478,51.374],[23.352,51.35],[23.285,51.362],[23.269,51.33],[23.234,51.314],[23.207,51.262],[23.139,51.238],[23.092,51.243],[23.041,51.184],[23.065,51.097],[23.17,51.099],[23.192,51.078],[23.342,51.045],[23.429,51.038],[23.455,51.015],[23.386,50.979],[23.48,50.898]],[[23.485,51.118],[23.424,51.137],[23.463,51.168],[23.532,51.151],[23.485,51.118]]]}},{"type":"Feature","properties":{"k":"3001","n":"chodzieski","s":["3002","3016","3019","3028"]},"geometry":{"type":"Polygon","coordinates":[[[17.007,52.828],[17.051,52.833],[17.079,52.891],[17.145,52.907],[17.202,52.967],[17.188,53.015],[17.253,53.019],[17.299,53.049],[17.289,53.084],[17.206,53.09],[16.951,53.053],[16.808,53.053],[16.738,52.98],[16.775,52.932],[16.78,52.889],[16.831,52.858],[16.941,52.817],[17.007,52.828]]]}},{"type":"Feature","properties":{"k":"2202","n":"chojnicki","s":["0413","0416","2201","2203","2206","2213"]},"geometry":{"type":"Polygon","coordinates":[[[18.106,53.926],[17.878,53.855],[17.87,53.886],[17.751,53.96],[17.724,54.002],[17.647,54.026],[17.582,54.031],[17.575,53.989],[17.519,53.977],[17.489,53.923],[17.401,53.919],[17.367,53.94],[17.298,53.873],[17.342,53.861],[17.355,53.81],[17.43,53.786],[17.521,53.716],[17.466,53.602],[17.543,53.581],[17.604,53.597],[17.657,53.571],[17.73,53.593],[17.712,53.636],[17.767,53.688],[17.852,53.688],[17.932,53.749],[18.034,53.726],[18.072,53.781],[18.123,53.824],[18.071,53.874],[18.106,53.926]]]}},{"type":"Feature","properties":{"k":"2463","n":"Chorzów","s":["2462","2469","2471","2472","2474","2476"]},"geometry":{"type":"Polygon","coordinates":[[[18.959,50.335],[18.927,50.318],[18.93,50.271],[18.956,50.239],[18.964,50.284],[19.001,50.296],[18.985,50.336],[18.959,50.335]]]}},{"type":"Feature","properties":{"k":"3202","n":"choszczeński","s":["0806","3203","3210","3214","3217"]},"geometry":{"type":"Polygon","coordinates":[[[15.287,52.957],[15.351,52.943],[15.444,52.99],[15.533,53.006],[15.633,52.976],[15.767,53.02],[15.812,53.084],[15.875,53.121],[15.982,53.116],[15.98,53.172],[16.023,53.227],[16.004,53.24],[15.993,53.22],[15.847,53.214],[15.74,53.315],[15.685,53.289],[15.615,53.293],[15.585,53.343],[15.468,53.305],[15.459,53.233],[15.313,53.255],[15.273,53.245],[15.367,53.175],[15.268,53.095],[15.206,53.082],[15.208,53.043],[15.283,53.009],[15.287,52.957]]]}},{"type":"Feature","properties":{"k":"1203","n":"chrzanowski","s":["1206","1212","1213","1218","2468"]},"geometry":{"type":"Polygon","coordinates":[[[19.56,50.012],[19.605,50.062],[19.539,50.112],[19.547,50.184],[19.589,50.198],[19.484,50.229],[19.442,50.227],[19.364,50.191],[19.332,50.144],[19.259,50.117],[19.293,50.056],[19.51,50.026],[19.56,50.012]]]}},{"type":"Feature","properties":{"k":"1402","n":"ciechanowski","s":["1411","1413","1420","1422","1424"]},"geometry":{"type":"Polygon","coordinates":[[[20.728,52.705],[20.782,52.713],[20.803,52.757],[20.906,52.758],[20.941,52.81],[20.862,52.87],[20.792,52.943],[20.783,52.977],[20.699,52.988],[20.665,53.087],[20.621,53.105],[20.57,53.074],[20.585,53.037],[20.548,53.005],[20.443,52.955],[20.404,52.868],[20.351,52.848],[20.264,52.848],[20.215,52.824],[20.218,52.795],[20.315,52.769],[20.402,52.73],[20.466,52.732],[20.542,52.707],[20.611,52.734],[20.658,52.711],[20.728,52.705]]]}},{"type":"Feature","properties":{"k":"2403","n":"cieszyński","s":["2402","2410","2417","2461","2467"]},"geometry":{"type":"Polygon","coordinates":[[[18.576,49.91],[18.604,49.857],[18.569,49.834],[18.625,49.722],[18.719,49.684],[18.805,49.679],[18.853,49.517],[18.947,49.517],[18.98,49.539],[18.984,49.587],[19.017,49.622],[19.002,49.657],[18.955,49.679],[18.994,49.711],[18.986,49.737],[18.955,49.744],[18.84,49.81],[18.839,49.876],[18.891,49.912],[18.778,49.913],[18.667,49.886],[18.63,49.9],[18.576,49.91]]]}},{"type":"Feature","properties":{"k":"3002","n":"czarnkowsko-trzcianecki","s":["0806","3001","3014","3016","3019","3024","3217"]},"geometry":{"type":"Polygon","coordinates":[[[16.391,53.131],[16.346,53.112],[16.364,53.082],[16.317,53.037],[16.271,53.049],[16.138,53.014],[16.084,53.015],[15.963,53.041],[15.961,52.956],[15.98,52.934],[15.974,52.859],[15.893,52.813],[15.947,52.755],[16.014,52.735],[16.139,52.786],[16.242,52.793],[16.313,52.776],[16.517,52.76],[16.583,52.743],[16.732,52.75],[16.798,52.795],[16.725,52.834],[16.78,52.889],[16.775,52.932],[16.738,52.98],[16.701,52.953],[16.649,52.957],[16.659,53.063],[16.695,53.13],[16.609,53.107],[16.58,53.121],[16.495,53.115],[16.391,53.131]]]}},{"type":"Feature","properties":{"k":"2464","n":"Częstochowa","s":["2404","2406"]},"geometry":{"type":"Polygon","coordinates":[[[19.029,50.823],[19.012,50.789],[19.034,50.748],[19.194,50.752],[19.232,50.823],[19.089,50.866],[19.029,50.823]]]}},{"type":"Feature","properties":{"k":"2404","n":"częstochowski","s":["1009","1012","2406","2407","2409","2416","2464","2613"]},"geometry":{"type":"Polygon","coordinates":[[[19.623,50.658],[19.681,50.663],[19.733,50.637],[19.786,50.668],[19.713,50.729],[19.795,50.784],[19.819,50.839],[19.747,50.866],[19.728,50.843],[19.661,50.855],[19.57,50.908],[19.509,50.881],[19.402,50.994],[19.375,50.994],[19.292,51.046],[19.243,51.037],[19.256,51.006],[19.207,50.986],[19.124,51],[19.077,50.964],[19.064,50.916],[19.089,50.866],[19.232,50.823],[19.194,50.752],[19.034,50.748],[19.012,50.789],[19.029,50.823],[18.972,50.812],[18.899,50.818],[18.849,50.766],[18.914,50.765],[18.94,50.706],[19.02,50.662],[19.037,50.661],[19.038,50.661],[19.037,50.661],[19.038,50.661],[19.098,50.635],[19.178,50.649],[19.182,50.683],[19.245,50.704],[19.299,50.68],[19.385,50.665],[19.451,50.69],[19.538,50.682],[19.578,50.65],[19.623,50.658]]]}},{"type":"Feature","properties":{"k":"2203","n":"człuchowski","s":["0413","2201","2202","3031","3215"]},"geometry":{"type":"Polygon","coordinates":[[[17.298,53.873],[17.227,53.958],[17.232,53.982],[17.121,54.011],[16.982,53.905],[16.976,53.88],[16.873,53.869],[16.931,53.777],[16.858,53.747],[16.892,53.656],[16.893,53.629],[16.949,53.55],[17.012,53.52],[17.09,53.543],[17.161,53.528],[17.266,53.537],[17.351,53.494],[17.391,53.491],[17.428,53.589],[17.466,53.602],[17.521,53.716],[17.43,53.786],[17.355,53.81],[17.342,53.861],[17.298,53.873]]]}},{"type":"Feature","properties":{"k":"2465","n":"Dąbrowa Górnicza","s":["1212","2401","2416","2475"]},"geometry":{"type":"Polygon","coordinates":[[[19.407,50.317],[19.484,50.324],[19.459,50.363],[19.405,50.363],[19.25,50.437],[19.183,50.386],[19.166,50.313],[19.285,50.292],[19.354,50.326],[19.407,50.317]]]}},{"type":"Feature","properties":{"k":"1204","n":"dąbrowski","s":["1216","1803","1811","2601","2603","2612"]},"geometry":{"type":"Polygon","coordinates":[[[21.153,50.149],[21.171,50.209],[21.142,50.238],[21.194,50.304],[21.208,50.355],[21.149,50.353],[21.062,50.317],[20.945,50.313],[20.775,50.278],[20.728,50.243],[20.759,50.208],[20.851,50.215],[20.881,50.161],[20.949,50.148],[20.957,50.112],[21.06,50.107],[21.14,50.115],[21.152,50.148],[21.153,50.149]]]}},{"type":"Feature","properties":{"k":"1803","n":"dębicki","s":["1204","1216","1805","1811","1815","1819"]},"geometry":{"type":"Polygon","coordinates":[[[21.524,49.893],[21.464,49.992],[21.525,50.029],[21.502,50.077],[21.541,50.089],[21.568,50.13],[21.511,50.162],[21.369,50.168],[21.302,50.131],[21.153,50.149],[21.152,50.148],[21.181,50.118],[21.16,50.09],[21.193,50.029],[21.151,49.976],[21.18,49.928],[21.285,49.924],[21.28,49.892],[21.225,49.884],[21.225,49.853],[21.297,49.843],[21.35,49.838],[21.379,49.867],[21.405,49.838],[21.407,49.829],[21.443,49.834],[21.477,49.841],[21.524,49.893]]]}},{"type":"Feature","properties":{"k":"3203","n":"drawski","s":["3031","3202","3214","3215","3216","3217","3218"]},"geometry":{"type":"Polygon","coordinates":[[[15.585,53.343],[15.615,53.293],[15.685,53.289],[15.74,53.315],[15.847,53.214],[15.993,53.22],[16.004,53.24],[16.076,53.289],[16.008,53.311],[15.976,53.376],[16.062,53.407],[16.151,53.376],[16.218,53.396],[16.389,53.425],[16.44,53.459],[16.454,53.489],[16.457,53.508],[16.305,53.59],[16.281,53.662],[16.234,53.694],[16.119,53.669],[16.093,53.693],[16.063,53.688],[16.03,53.66],[15.943,53.679],[15.927,53.653],[15.791,53.66],[15.756,53.597],[15.715,53.572],[15.705,53.498],[15.702,53.477],[15.605,53.423],[15.585,53.343]]]}},{"type":"Feature","properties":{"k":"2803","n":"działdowski","s":["0402","1413","1437","2807","2811","2812","2815"]},"geometry":{"type":"Polygon","coordinates":[[[19.762,53.152],[19.883,53.209],[19.907,53.177],[19.978,53.144],[20.104,53.168],[20.135,53.143],[20.165,53.156],[20.29,53.139],[20.37,53.177],[20.411,53.214],[20.248,53.238],[20.257,53.277],[20.18,53.33],[20.201,53.395],[20.135,53.424],[20.092,53.379],[20.027,53.394],[19.948,53.438],[19.904,53.436],[19.831,53.396],[19.849,53.354],[19.718,53.302],[19.683,53.258],[19.744,53.228],[19.762,53.152]]]}},{"type":"Feature","properties":{"k":"0202","n":"dzierżoniowski","s":["0208","0217","0219","0221","0223","0224"]},"geometry":{"type":"Polygon","coordinates":[[[16.583,50.628],[16.615,50.625],[16.726,50.668],[16.806,50.66],[16.873,50.681],[16.881,50.709],[16.888,50.812],[16.876,50.832],[16.697,50.843],[16.669,50.821],[16.548,50.777],[16.558,50.744],[16.489,50.714],[16.48,50.681],[16.583,50.628]]]}},{"type":"Feature","properties":{"k":"2861","n":"Elbląg","s":["2804"]},"geometry":{"type":"Polygon","coordinates":[[[19.446,54.258],[19.388,54.221],[19.378,54.142],[19.444,54.137],[19.508,54.172],[19.446,54.258]]]}},{"type":"Feature","properties":{"k":"2804","n":"elbląski","s":["2209","2210","2216","2802","2809","2815","2861"]},"geometry":{"type":"Polygon","coordinates":[[[19.979,54.134],[19.856,54.124],[19.787,54.104],[19.781,54.246],[19.68,54.265],[19.619,54.302],[19.636,54.392],[19.415,54.32],[19.291,54.299],[19.253,54.27],[19.318,54.226],[19.32,54.191],[19.247,54.167],[19.218,54.116],[19.256,54.086],[19.268,54.025],[19.32,54.027],[19.378,53.985],[19.374,53.935],[19.576,53.948],[19.617,53.962],[19.68,53.941],[19.789,53.982],[19.807,54.007],[19.902,54.037],[19.965,54.021],[20.021,54.033],[20.058,54.077],[19.979,54.134]],[[19.446,54.258],[19.508,54.172],[19.444,54.137],[19.378,54.142],[19.388,54.221],[19.446,54.258]]]}},{"type":"Feature","properties":{"k":"2805","n":"ełcki","s":["2001","2004","2012","2806","2813","2816"]},"geometry":{"type":"Polygon","coordinates":[[[22.306,53.627],[22.423,53.682],[22.514,53.699],[22.697,53.762],[22.727,53.833],[22.779,53.866],[22.778,53.923],[22.724,53.953],[22.637,53.94],[22.595,53.903],[22.49,53.891],[22.44,53.904],[22.417,53.938],[22.331,53.929],[22.206,54.002],[22.166,54.004],[22.118,53.982],[22.089,53.925],[22.142,53.865],[22.06,53.86],[22.118,53.798],[22.191,53.764],[22.223,53.711],[22.179,53.67],[22.306,53.627]]]}},{"type":"Feature","properties":{"k":"1403","n":"garwoliński","s":["0611","0616","1406","1407","1412","1417","1426"]},"geometry":{"type":"Polygon","coordinates":[[[21.888,51.991],[21.752,51.991],[21.648,52.028],[21.578,52.033],[21.531,52.022],[21.514,51.984],[21.469,51.979],[21.465,51.926],[21.4,51.901],[21.276,51.877],[21.286,51.862],[21.382,51.822],[21.435,51.784],[21.41,51.745],[21.445,51.721],[21.473,51.665],[21.543,51.664],[21.616,51.618],[21.648,51.66],[21.714,51.635],[21.839,51.652],[21.883,51.694],[21.836,51.744],[21.956,51.794],[21.942,51.826],[21.845,51.841],[21.912,51.887],[21.866,51.943],[21.889,51.973],[21.888,51.991]]]}},{"type":"Feature","properties":{"k":"2261","n":"Gdańsk","s":["2204","2205","2210","2262","2264"]},"geometry":{"type":"Polygon","coordinates":[[[18.941,54.28],[18.95,54.359],[19.071,54.505],[18.91,54.583],[18.735,54.466],[18.616,54.466],[18.617,54.438],[18.508,54.423],[18.451,54.443],[18.466,54.401],[18.441,54.357],[18.488,54.317],[18.639,54.291],[18.69,54.302],[18.728,54.342],[18.815,54.345],[18.941,54.28]]]}},{"type":"Feature","properties":{"k":"2204","n":"gdański","s":["2205","2206","2209","2210","2213","2214","2261"]},"geometry":{"type":"Polygon","coordinates":[[[18.941,54.28],[18.815,54.345],[18.728,54.342],[18.69,54.302],[18.639,54.291],[18.488,54.317],[18.433,54.279],[18.255,54.233],[18.223,54.188],[18.235,54.167],[18.327,54.141],[18.391,54.121],[18.533,54.126],[18.591,54.106],[18.661,54.14],[18.806,54.154],[18.828,54.142],[18.837,54.156],[18.944,54.24],[18.941,54.28]]]}},{"type":"Feature","properties":{"k":"2262","n":"Gdynia","s":["2205","2211","2215","2261","2264"]},"geometry":{"type":"Polygon","coordinates":[[[18.508,54.423],[18.525,54.458],[18.616,54.466],[18.735,54.466],[18.91,54.583],[18.867,54.604],[18.812,54.567],[18.628,54.624],[18.514,54.563],[18.431,54.567],[18.38,54.507],[18.408,54.476],[18.451,54.443],[18.508,54.423]]]}},{"type":"Feature","properties":{"k":"2806","n":"giżycki","s":["2805","2808","2810","2813","2816","2818","2819"]},"geometry":{"type":"Polygon","coordinates":[[[22.06,53.86],[22.142,53.865],[22.089,53.925],[22.118,53.982],[22.166,54.004],[22.151,54.035],[22.201,54.06],[22.137,54.14],[22.146,54.182],[22.023,54.173],[22.025,54.139],[21.938,54.129],[21.887,54.087],[21.838,54.1],[21.672,54.103],[21.601,54.113],[21.562,54.081],[21.552,53.997],[21.459,53.96],[21.432,53.947],[21.526,53.855],[21.682,53.89],[21.744,53.892],[21.851,53.88],[21.898,53.893],[21.95,53.859],[22.009,53.879],[22.06,53.86]]]}},{"type":"Feature","properties":{"k":"2466","n":"Gliwice","s":["2405","2413","2478"]},"geometry":{"type":"Polygon","coordinates":[[[18.658,50.374],[18.613,50.369],[18.565,50.259],[18.642,50.262],[18.685,50.227],[18.736,50.271],[18.732,50.332],[18.68,50.34],[18.658,50.374]]]}},{"type":"Feature","properties":{"k":"2405","n":"gliwicki","s":["1603","1611","2408","2411","2412","2413","2466","2472","2473","2478"]},"geometry":{"type":"Polygon","coordinates":[[[18.736,50.271],[18.685,50.227],[18.642,50.262],[18.565,50.259],[18.613,50.369],[18.658,50.374],[18.651,50.412],[18.651,50.413],[18.651,50.412],[18.651,50.413],[18.615,50.437],[18.653,50.499],[18.607,50.55],[18.559,50.54],[18.478,50.553],[18.436,50.545],[18.44,50.481],[18.38,50.479],[18.37,50.416],[18.394,50.392],[18.358,50.357],[18.426,50.249],[18.457,50.24],[18.495,50.18],[18.558,50.181],[18.695,50.175],[18.72,50.2],[18.795,50.204],[18.795,50.239],[18.797,50.246],[18.792,50.247],[18.791,50.247],[18.736,50.271]]]}},{"type":"Feature","properties":{"k":"0203","n":"głogowski","s":["0204","0211","0216","0804","0810","0812"]},"geometry":{"type":"Polygon","coordinates":[[[15.85,51.665],[15.913,51.672],[15.972,51.61],[15.985,51.561],[16.07,51.556],[16.086,51.611],[16.304,51.613],[16.328,51.598],[16.355,51.609],[16.332,51.644],[16.27,51.664],[16.218,51.715],[16.16,51.712],[16.133,51.759],[15.995,51.805],[15.968,51.788],[15.977,51.748],[15.872,51.721],[15.834,51.672],[15.85,51.665]]]}},{"type":"Feature","properties":{"k":"1602","n":"głubczycki","s":["1603","1610","2411"]},"geometry":{"type":"Polygon","coordinates":[[[17.919,50.265],[17.837,50.289],[17.818,50.319],[17.752,50.3],[17.751,50.3],[17.752,50.3],[17.725,50.257],[17.759,50.207],[17.628,50.172],[17.593,50.16],[17.677,50.103],[17.731,50.097],[17.777,50.02],[17.828,50.011],[17.869,49.973],[17.923,49.979],[17.954,50.005],[18.035,50.011],[18.035,50.066],[18.072,50.109],[18.06,50.175],[17.972,50.186],[17.927,50.211],[17.919,50.265]]]}},{"type":"Feature","properties":{"k":"3003","n":"gnieźnieński","s":["0409","0419","3021","3023","3028","3030"]},"geometry":{"type":"Polygon","coordinates":[[[17.787,52.652],[17.69,52.602],[17.615,52.703],[17.517,52.674],[17.472,52.686],[17.459,52.739],[17.436,52.689],[17.336,52.674],[17.228,52.591],[17.151,52.574],[17.219,52.542],[17.316,52.545],[17.356,52.526],[17.398,52.44],[17.382,52.419],[17.441,52.401],[17.55,52.41],[17.701,52.376],[17.775,52.368],[17.853,52.388],[17.864,52.427],[17.909,52.444],[17.911,52.517],[17.987,52.553],[17.877,52.629],[17.787,52.652]]]}},{"type":"Feature","properties":{"k":"3204","n":"goleniowski","s":["3205","3207","3211","3214","3218","3262","3263"]},"geometry":{"type":"Polygon","coordinates":[[[14.778,53.403],[14.778,53.426],[15.014,53.455],[15.06,53.47],[15.151,53.469],[15.237,53.531],[15.154,53.554],[15.209,53.623],[15.311,53.622],[15.302,53.66],[15.223,53.727],[15.147,53.786],[15.083,53.794],[14.951,53.776],[14.895,53.814],[14.822,53.794],[14.794,53.811],[14.658,53.768],[14.579,53.787],[14.441,53.773],[14.381,53.769],[14.498,53.704],[14.561,53.65],[14.602,53.559],[14.635,53.534],[14.702,53.504],[14.712,53.45],[14.778,53.403]]]}},{"type":"Feature","properties":{"k":"0405","n":"golubsko-dobrzyński","s":["0402","0408","0412","0415","0417"]},"geometry":{"type":"Polygon","coordinates":[[[19.254,53.2],[19.209,53.231],[19.142,53.228],[19.086,53.185],[19.029,53.172],[18.967,53.188],[18.811,53.184],[18.762,53.201],[18.752,53.155],[18.795,53.136],[18.827,53.071],[18.952,53.015],[18.957,52.988],[19.075,52.993],[19.094,52.969],[19.147,52.962],[19.178,52.989],[19.239,53.002],[19.183,53.05],[19.227,53.094],[19.194,53.16],[19.254,53.2]]]}},{"type":"Feature","properties":{"k":"2818","n":"gołdapski","s":["2012","2806","2813","2819"]},"geometry":{"type":"Polygon","coordinates":[[[22.482,54.202],[22.532,54.249],[22.693,54.275],[22.784,54.306],[22.792,54.363],[22.642,54.354],[22.153,54.337],[21.938,54.333],[21.985,54.26],[21.969,54.229],[22.023,54.173],[22.146,54.182],[22.173,54.198],[22.263,54.168],[22.297,54.192],[22.451,54.209],[22.482,54.202]]]}},{"type":"Feature","properties":{"k":"1205","n":"gorlicki","s":["1210","1216","1805"]},"geometry":{"type":"Polygon","coordinates":[[[21.055,49.421],[21.124,49.437],[21.192,49.401],[21.278,49.461],[21.399,49.434],[21.411,49.468],[21.375,49.563],[21.327,49.594],[21.363,49.634],[21.347,49.69],[21.31,49.749],[21.242,49.776],[21.158,49.782],[20.883,49.732],[20.92,49.679],[21.004,49.677],[21.059,49.644],[20.999,49.597],[21.03,49.567],[20.999,49.533],[21.042,49.482],[21.02,49.46],[21.055,49.421]]]}},{"type":"Feature","properties":{"k":"0801","n":"gorzowski","s":["0803","0805","0806","0807","0861","3210"]},"geometry":{"type":"Polygon","coordinates":[[[15.306,52.59],[15.348,52.603],[15.441,52.701],[15.538,52.694],[15.604,52.714],[15.576,52.767],[15.49,52.752],[15.427,52.813],[15.423,52.887],[15.332,52.904],[15.286,52.886],[15.072,52.831],[15.039,52.861],[14.918,52.889],[14.855,52.825],[14.865,52.793],[14.789,52.752],[14.792,52.697],[14.722,52.633],[14.638,52.659],[14.564,52.625],[14.637,52.575],[14.647,52.572],[14.704,52.592],[15.037,52.642],[15.107,52.618],[15.137,52.644],[15.195,52.636],[15.21,52.584],[15.306,52.59]],[[15.283,52.731],[15.302,52.698],[15.25,52.685],[15.135,52.71],[15.135,52.777],[15.191,52.759],[15.282,52.769],[15.283,52.731]]]}},{"type":"Feature","properties":{"k":"0861","n":"Gorzów Wielkopolski","s":["0801"]},"geometry":{"type":"Polygon","coordinates":[[[15.283,52.731],[15.282,52.769],[15.191,52.759],[15.135,52.777],[15.135,52.71],[15.25,52.685],[15.302,52.698],[15.283,52.731]]]}},{"type":"Feature","properties":{"k":"1404","n":"gostyniński","s":["0418","1002","1005","1419","1428"]},"geometry":{"type":"Polygon","coordinates":[[[19.983,52.338],[19.942,52.342],[19.812,52.392],[19.779,52.35],[19.689,52.355],[19.633,52.416],[19.562,52.406],[19.559,52.483],[19.5,52.526],[19.396,52.513],[19.339,52.48],[19.289,52.393],[19.359,52.342],[19.463,52.343],[19.624,52.264],[19.736,52.259],[19.886,52.31],[19.936,52.3],[19.983,52.338]]]}},{"type":"Feature","properties":{"k":"3004","n":"gostyński","s":["3006","3011","3012","3013","3022","3026"]},"geometry":{"type":"Polygon","coordinates":[[[17.189,51.968],[17.126,51.947],[17.035,51.943],[17.005,51.98],[17.01,51.965],[16.86,51.927],[16.901,51.88],[16.851,51.842],[16.849,51.799],[16.769,51.784],[16.729,51.733],[16.803,51.746],[16.861,51.732],[16.887,51.695],[16.96,51.712],[16.999,51.696],[17.079,51.72],[17.128,51.702],[17.181,51.791],[17.323,51.761],[17.317,51.813],[17.337,51.886],[17.241,51.952],[17.189,51.968]]]}},{"type":"Feature","properties":{"k":"0204","n":"górowski","s":["0203","0211","0220","0222","0812","3013","3022"]},"geometry":{"type":"Polygon","coordinates":[[[16.828,51.572],[16.772,51.614],[16.769,51.645],[16.681,51.647],[16.639,51.666],[16.682,51.705],[16.545,51.78],[16.416,51.785],[16.377,51.763],[16.348,51.709],[16.269,51.685],[16.27,51.664],[16.332,51.644],[16.355,51.609],[16.463,51.56],[16.467,51.502],[16.541,51.511],[16.642,51.492],[16.764,51.485],[16.828,51.572]]]}},{"type":"Feature","properties":{"k":"2004","n":"grajewski","s":["2001","2006","2007","2008","2805","2816"]},"geometry":{"type":"Polygon","coordinates":[[[22.279,53.438],[22.35,53.379],[22.406,53.351],[22.498,53.349],[22.544,53.404],[22.537,53.431],[22.612,53.465],[22.635,53.529],[22.699,53.569],[22.674,53.595],[22.745,53.632],[22.777,53.667],[22.844,53.687],[22.787,53.681],[22.729,53.699],[22.744,53.73],[22.697,53.762],[22.514,53.699],[22.423,53.682],[22.306,53.627],[22.136,53.545],[22.186,53.51],[22.241,53.536],[22.265,53.501],[22.231,53.441],[22.279,53.438]]]}},{"type":"Feature","properties":{"k":"1405","n":"grodziski","s":["1406","1418","1421","1428","1432","1438"]},"geometry":{"type":"Polygon","coordinates":[[[20.411,52.14],[20.444,52.084],[20.523,52.051],[20.621,52.048],[20.598,51.974],[20.658,51.926],[20.686,51.955],[20.695,51.979],[20.772,52.001],[20.723,52.047],[20.748,52.127],[20.631,52.165],[20.545,52.165],[20.485,52.184],[20.408,52.189],[20.411,52.14]]]}},{"type":"Feature","properties":{"k":"3005","n":"grodziski","s":["3011","3015","3021","3029"]},"geometry":{"type":"Polygon","coordinates":[[[16.603,52.171],[16.572,52.284],[16.513,52.27],[16.42,52.249],[16.299,52.287],[16.173,52.268],[16.164,52.227],[16.073,52.244],[16.087,52.176],[16.159,52.176],[16.215,52.094],[16.283,52.058],[16.34,52.084],[16.377,52.055],[16.447,52.034],[16.466,52.082],[16.567,52.123],[16.603,52.171]]]}},{"type":"Feature","properties":{"k":"1406","n":"grójecki","s":["1013","1016","1401","1403","1405","1407","1417","1418","1423","1438"]},"geometry":{"type":"Polygon","coordinates":[[[21.239,51.902],[21.184,51.928],[21.087,51.94],[20.984,51.912],[20.927,51.934],[20.861,51.929],[20.802,51.958],[20.729,51.944],[20.686,51.955],[20.658,51.926],[20.643,51.852],[20.605,51.85],[20.579,51.794],[20.583,51.748],[20.658,51.724],[20.653,51.677],[20.62,51.658],[20.535,51.669],[20.467,51.693],[20.4,51.673],[20.385,51.642],[20.425,51.611],[20.52,51.612],[20.495,51.561],[20.644,51.584],[20.651,51.606],[20.814,51.638],[20.77,51.691],[20.878,51.722],[20.945,51.754],[21.073,51.698],[21.125,51.728],[21.166,51.77],[21.286,51.817],[21.286,51.862],[21.276,51.877],[21.239,51.902]]]}},{"type":"Feature","properties":{"k":"0462","n":"Grudziądz","s":["0406","0414"]},"geometry":{"type":"Polygon","coordinates":[[[18.704,53.452],[18.779,53.458],[18.813,53.487],[18.756,53.524],[18.704,53.452]]]}},{"type":"Feature","properties":{"k":"0406","n":"grudziądzki","s":["0402","0404","0414","0417","0462","2207","2807","2812"]},"geometry":{"type":"Polygon","coordinates":[[[18.724,53.365],[18.793,53.386],[18.892,53.342],[19.038,53.353],[19.107,53.381],[19.153,53.443],[19.224,53.457],[19.219,53.524],[19.2,53.57],[19.129,53.588],[19.097,53.597],[18.944,53.588],[18.762,53.605],[18.756,53.524],[18.813,53.487],[18.779,53.458],[18.704,53.452],[18.623,53.431],[18.724,53.365]]]}},{"type":"Feature","properties":{"k":"3205","n":"gryficki","s":["3204","3207","3208","3218"]},"geometry":{"type":"Polygon","coordinates":[[[15.479,53.877],[15.434,53.918],[15.421,54.015],[15.455,54.048],[15.438,54.074],[15.355,54.086],[15.388,54.16],[15.299,54.149],[14.895,54.056],[14.981,54.029],[15.058,53.965],[15.039,53.837],[15.083,53.794],[15.147,53.786],[15.223,53.727],[15.352,53.779],[15.368,53.839],[15.44,53.846],[15.479,53.877]]]}},{"type":"Feature","properties":{"k":"3206","n":"gryfiński","s":["3210","3211","3212","3214","3262"]},"geometry":{"type":"Polygon","coordinates":[[[14.436,52.68],[14.532,52.747],[14.609,52.785],[14.662,52.838],[14.695,52.924],[14.722,52.95],[14.697,53.007],[14.733,53.037],[14.747,53.115],[14.69,53.155],[14.716,53.274],[14.814,53.238],[14.862,53.247],[14.875,53.301],[14.801,53.326],[14.746,53.329],[14.635,53.366],[14.554,53.354],[14.471,53.315],[14.445,53.274],[14.377,53.202],[14.387,53.142],[14.338,53.047],[14.236,52.993],[14.144,52.961],[14.159,52.877],[14.13,52.828],[14.218,52.817],[14.28,52.774],[14.353,52.751],[14.436,52.68]]]}}]}